sample id,correct,sentence length,num relations,token distance,char distance,variability
10493,False,13,1,11,52,0.7145038167938931
8443,True,16,1,3,14,0.7351524879614768
8003,True,10,1,6,33,0.8938906752411576
8802,True,18,1,3,13,0.7351524879614768
8624,True,17,1,3,17,0.7351524879614768
10026,False,23,1,7,50,0.8938906752411576
9910,False,13,1,5,32,0.7827956989247311
9963,False,15,1,5,40,0.8181818181818182
8416,False,13,1,4,18,0.7351524879614768
10590,True,12,1,6,35,0.8181818181818182
8844,True,17,1,3,15,0.6890595009596929
9332,True,12,1,5,23,0.618798955613577
8090,True,11,1,3,24,0.6890595009596929
9899,False,14,1,4,25,0.7145038167938931
10547,False,8,1,5,32,0.7351524879614768
8310,True,19,1,11,64,0.7418655097613883
9194,False,25,1,3,16,0.7827956989247311
9214,True,10,1,7,34,0.7351524879614768
8126,False,34,1,1,5,0.7456310679611651
9837,True,17,1,6,26,0.8938906752411576
9825,True,21,1,3,17,0.7827956989247311
8453,True,11,1,4,29,0.7456310679611651
9864,True,17,1,6,34,0.7418655097613883
9633,False,12,1,10,66,0.8181818181818182
9443,False,13,1,2,13,0.8938906752411576
8965,True,20,1,3,15,0.7827956989247311
8523,True,14,1,2,16,0.7145038167938931
10591,True,10,1,3,17,0.7351524879614768
10566,True,9,1,5,29,0.8181818181818182
8820,True,17,1,3,11,0.7351524879614768
8187,False,18,1,4,23,0.8181818181818182
10146,False,21,1,3,23,0.7418655097613883
9920,False,17,1,5,36,0.7418655097613883
10564,True,9,1,3,14,0.8181818181818182
10596,True,15,1,3,21,0.6890595009596929
9274,False,29,1,4,21,0.7456310679611651
8202,True,25,1,4,14,0.618798955613577
10252,False,25,1,3,18,0.8938906752411576
10461,True,23,1,6,33,0.7418655097613883
9030,True,13,1,6,38,0.6890595009596929
8485,True,17,1,4,22,0.7418655097613883
10337,True,16,1,6,34,0.618798955613577
10095,True,17,1,3,11,0.8181818181818182
8907,False,16,1,8,49,0.7456310679611651
8085,False,19,1,14,88,0.6890595009596929
10266,False,26,1,3,15,0.7418655097613883
8558,True,13,1,7,50,0.8181818181818182
8151,True,9,1,4,16,0.7418655097613883
8188,False,28,1,3,22,0.7418655097613883
9945,True,18,1,5,36,0.7351524879614768
8170,True,13,1,11,76,0.8938906752411576
10643,True,13,1,6,32,0.7145038167938931
10204,True,10,1,3,21,0.6890595009596929
9079,False,24,1,3,18,0.7827956989247311
8160,True,10,1,6,41,0.6890595009596929
10167,True,14,1,4,22,0.7456310679611651
8164,True,6,1,4,34,0.7418655097613883
9140,True,16,1,11,69,0.8181818181818182
9710,True,14,1,9,44,0.7456310679611651
10349,True,42,1,6,35,0.7827956989247311
9200,False,12,1,2,12,0.8181818181818182
8606,False,13,1,7,47,0.8181818181818182
8438,True,24,1,6,27,0.7351524879614768
9744,True,27,1,8,47,0.6890595009596929
10355,True,10,1,5,22,0.618798955613577
10475,True,22,1,2,12,0.7827956989247311
8987,False,25,1,6,43,0.7145038167938931
10583,True,21,1,13,56,0.8938906752411576
9470,True,17,1,11,46,0.6890595009596929
8838,False,11,1,8,43,0.8938906752411576
9705,False,22,1,4,22,0.6890595009596929
9787,True,15,1,8,36,0.8181818181818182
8598,True,30,1,5,26,0.8181818181818182
8857,False,39,1,7,35,0.7145038167938931
9727,True,17,1,6,34,0.7145038167938931
8948,False,21,1,3,20,0.6890595009596929
9834,False,28,1,3,14,0.7351524879614768
9127,False,22,1,16,92,0.7456310679611651
9311,True,11,1,5,29,0.7145038167938931
8664,True,13,1,8,44,0.7418655097613883
8893,False,27,1,2,17,0.7351524879614768
10484,True,29,1,3,12,0.7351524879614768
10198,True,8,1,5,31,0.7456310679611651
8456,True,18,1,5,29,0.8181818181818182
10514,False,22,1,5,31,0.7456310679611651
8955,False,14,1,2,14,0.7418655097613883
10319,True,53,1,2,7,0.7827956989247311
8260,True,28,1,2,9,0.8938906752411576
9562,False,15,1,5,22,0.7351524879614768
8423,True,10,1,4,22,0.8181818181818182
8815,True,26,1,6,31,0.8181818181818182
8833,True,20,1,7,32,0.618798955613577
8620,False,21,1,7,36,0.7456310679611651
9096,True,24,1,9,31,0.7418655097613883
8542,True,14,1,9,50,0.7145038167938931
8219,True,10,1,5,30,0.7145038167938931
10669,False,16,1,7,59,0.6890595009596929
8875,False,10,1,2,18,0.7145038167938931
8848,True,18,1,6,37,0.6890595009596929
9991,False,24,1,7,37,0.6890595009596929
9202,True,14,1,4,27,0.6890595009596929
9669,True,23,1,4,31,0.7456310679611651
8740,True,14,1,3,17,0.7145038167938931
9743,False,18,1,2,16,0.7351524879614768
9672,True,23,1,3,19,0.7351524879614768
9229,True,32,1,3,16,0.7827956989247311
10515,True,70,1,3,20,0.7827956989247311
9858,True,25,1,1,9,0.7418655097613883
8223,False,15,1,5,34,0.6890595009596929
10128,True,15,1,12,68,0.8938906752411576
8409,True,28,1,4,22,0.7145038167938931
10451,False,10,1,1,6,0.7351524879614768
8944,True,25,1,3,17,0.7827956989247311
9526,True,21,1,7,41,0.6890595009596929
10299,False,27,1,5,30,0.7456310679611651
9450,False,21,1,4,20,0.7418655097613883
8109,True,16,1,1,5,0.7351524879614768
9247,True,8,1,5,26,0.8181818181818182
9268,False,26,1,2,15,0.7827956989247311
9051,True,9,1,1,9,0.7456310679611651
8712,True,15,1,6,44,0.7827956989247311
9003,True,19,1,6,37,0.7351524879614768
9948,True,9,1,5,23,0.8181818181818182
10059,False,20,1,5,28,0.7145038167938931
9560,True,15,1,5,32,0.7456310679611651
8805,False,20,1,12,57,0.7456310679611651
9901,True,13,1,5,29,0.7145038167938931
9139,False,16,1,5,33,0.7145038167938931
9902,False,26,1,9,49,0.7145038167938931
8836,True,26,1,3,15,0.7456310679611651
8935,True,33,1,3,18,0.7351524879614768
9785,False,31,1,9,63,0.7418655097613883
10675,True,7,1,5,31,0.8181818181818182
8165,True,26,1,5,25,0.8181818181818182
9518,True,18,1,3,14,0.7827956989247311
9792,False,13,1,7,35,0.8181818181818182
8637,False,24,1,5,31,0.8938906752411576
9475,True,9,1,3,10,0.618798955613577
9365,True,14,1,3,15,0.618798955613577
10437,False,17,1,3,17,0.6890595009596929
10497,True,28,1,3,19,0.7351524879614768
8236,False,25,1,2,15,0.7145038167938931
8101,True,25,1,4,23,0.6890595009596929
8238,False,14,1,8,37,0.7351524879614768
10364,True,12,1,4,23,0.7418655097613883
9603,True,12,1,3,14,0.7351524879614768
10138,True,16,1,7,42,0.7456310679611651
8328,False,17,1,8,48,0.6890595009596929
10586,False,39,1,3,13,0.7351524879614768
10479,True,17,1,6,26,0.618798955613577
8233,True,13,1,3,36,0.6890595009596929
10330,False,11,1,4,25,0.8181818181818182
9204,True,21,1,4,20,0.7456310679611651
9280,True,42,1,4,22,0.7145038167938931
8595,True,24,1,3,12,0.7418655097613883
8125,True,16,1,3,22,0.6890595009596929
10292,True,15,1,4,27,0.6890595009596929
9751,True,16,1,5,23,0.7827956989247311
8834,False,32,1,8,41,0.7456310679611651
9273,True,12,1,4,16,0.618798955613577
10710,True,40,1,2,9,0.7827956989247311
8392,False,26,1,1,7,0.7351524879614768
9759,True,8,1,5,37,0.7351524879614768
8136,False,22,1,4,39,0.8938906752411576
9389,True,16,1,6,36,0.8181818181818182
9161,True,8,1,6,38,0.7145038167938931
9073,False,20,1,17,71,0.7145038167938931
10539,False,24,1,3,20,0.7418655097613883
9703,True,17,1,2,14,0.7145038167938931
8517,False,12,1,5,32,0.7456310679611651
8044,True,9,1,3,13,0.8181818181818182
8053,True,16,1,2,8,0.7827956989247311
8427,True,32,1,3,16,0.7351524879614768
8378,True,28,1,10,49,0.7418655097613883
8699,True,10,1,5,28,0.7456310679611651
10701,True,11,1,6,31,0.8181818181818182
8194,True,17,1,3,29,0.7351524879614768
9171,True,28,1,3,15,0.7145038167938931
8605,True,26,1,3,16,0.7351524879614768
8181,True,8,1,5,34,0.8181818181818182
9931,False,16,1,6,33,0.8181818181818182
9464,True,20,1,5,27,0.7145038167938931
8141,False,19,1,2,19,0.8938906752411576
9182,True,12,1,2,12,0.7456310679611651
10090,False,28,1,11,52,0.7145038167938931
8402,True,23,1,7,49,0.7145038167938931
10273,True,10,1,5,39,0.7456310679611651
9573,False,14,1,5,28,0.7145038167938931
9399,False,30,1,5,25,0.8181818181818182
10691,True,24,1,5,26,0.7456310679611651
8790,True,14,1,6,37,0.8938906752411576
9062,True,28,1,6,30,0.7145038167938931
10530,True,10,1,4,14,0.618798955613577
9731,True,26,1,6,39,0.7145038167938931
10119,True,17,1,2,8,0.7827956989247311
10651,False,31,1,2,8,0.7827956989247311
10464,False,30,1,3,13,0.7418655097613883
8534,False,21,1,16,91,0.7145038167938931
10328,True,18,1,4,29,0.7418655097613883
8817,False,25,1,3,18,0.7827956989247311
8270,True,10,1,3,19,0.8181818181818182
10626,False,16,1,13,69,0.7351524879614768
8719,True,16,1,5,23,0.8181818181818182
9057,False,19,1,15,76,0.7145038167938931
8287,True,21,1,3,14,0.7827956989247311
10576,False,22,1,3,14,0.7418655097613883
9664,True,25,1,3,23,0.7827956989247311
8524,True,9,1,6,44,0.8938906752411576
8460,True,13,1,11,73,0.8181818181818182
9497,True,25,1,3,12,0.7351524879614768
8207,True,21,1,6,41,0.7351524879614768
10657,True,27,1,3,11,0.7351524879614768
9317,True,18,1,15,71,0.8938906752411576
8853,True,10,1,7,39,0.7456310679611651
9805,True,18,1,7,36,0.8181818181818182
9297,True,10,1,5,29,0.8181818181818182
8803,True,29,1,2,9,0.7827956989247311
9039,True,8,1,5,41,0.8181818181818182
9940,True,18,1,3,15,0.618798955613577
8357,True,26,1,5,31,0.7145038167938931
10478,True,12,1,5,38,0.8181818181818182
8072,True,20,1,6,29,0.7456310679611651
8527,True,20,1,3,18,0.7351524879614768
10373,False,33,1,9,56,0.7145038167938931
8745,True,19,1,6,34,0.7145038167938931
8061,False,17,1,2,10,0.7456310679611651
9513,True,29,1,7,43,0.7418655097613883
8100,False,26,1,5,24,0.6890595009596929
9887,True,23,1,3,17,0.7827956989247311
9102,True,18,1,3,16,0.7827956989247311
9422,False,12,1,4,27,0.7418655097613883
8327,False,22,1,6,34,0.6890595009596929
8973,False,10,1,6,38,0.8181818181818182
8215,True,19,1,1,5,0.7456310679611651
8398,True,8,1,5,22,0.8181818181818182
8939,False,11,1,5,27,0.8181818181818182
10418,False,15,1,3,14,0.8181818181818182
10426,True,37,1,11,50,0.7145038167938931
10625,True,11,1,3,14,0.7827956989247311
10151,True,12,1,4,31,0.7418655097613883
9109,True,14,1,3,27,0.6890595009596929
8119,True,32,1,4,23,0.7827956989247311
10106,True,11,1,3,18,0.7351524879614768
9770,True,21,1,5,31,0.7456310679611651
8440,True,15,1,5,23,0.6890595009596929
10704,False,17,1,6,35,0.7145038167938931
8158,False,50,1,6,29,0.7351524879614768
9197,True,8,1,6,35,0.8181818181818182
9878,True,21,1,2,10,0.7827956989247311
9425,False,15,1,5,31,0.6890595009596929
10663,False,19,1,8,41,0.618798955613577
8826,False,11,1,7,37,0.6890595009596929
8882,True,24,1,1,6,0.7456310679611651
9201,False,11,1,6,32,0.7456310679611651
8698,True,10,1,4,26,0.8181818181818182
10424,False,20,1,8,50,0.8938906752411576
9372,True,25,1,7,45,0.7145038167938931
9697,False,14,1,2,10,0.7351524879614768
9075,True,29,1,4,32,0.7827956989247311
8543,True,26,1,3,15,0.7456310679611651
10697,True,13,1,2,16,0.6890595009596929
9921,True,21,1,3,14,0.7351524879614768
8063,True,11,1,8,40,0.8938906752411576
8108,True,29,1,4,27,0.7145038167938931
9804,True,15,1,2,8,0.7827956989247311
9288,False,18,1,5,38,0.7351524879614768
10047,False,17,1,3,19,0.7145038167938931
9786,True,11,1,5,22,0.618798955613577
8454,True,18,1,4,24,0.7418655097613883
9471,False,19,1,7,38,0.618798955613577
9276,False,19,1,4,20,0.7351524879614768
8242,False,18,1,6,28,0.8181818181818182
8751,True,19,1,3,17,0.7827956989247311
9178,True,19,1,3,15,0.7456310679611651
10295,True,16,1,11,54,0.6890595009596929
8520,True,38,1,2,13,0.7145038167938931
9455,True,40,1,1,5,0.7827956989247311
8813,False,21,1,8,51,0.8938906752411576
8459,True,16,1,8,38,0.8938906752411576
8824,False,32,1,2,9,0.7827956989247311
9812,True,18,1,4,26,0.7145038167938931
9861,False,11,1,6,34,0.7145038167938931
10471,True,23,1,6,36,0.7456310679611651
10401,True,13,1,2,8,0.7827956989247311
8911,True,27,1,3,16,0.7827956989247311
9632,False,15,1,1,6,0.7351524879614768
10179,True,18,1,2,8,0.7418655097613883
8660,True,19,1,5,28,0.6890595009596929
9430,True,13,1,2,17,0.6890595009596929
8104,True,13,1,3,12,0.6890595009596929
9267,False,55,1,3,30,0.7351524879614768
10518,False,19,1,6,36,0.6890595009596929
9635,True,23,1,3,12,0.618798955613577
10482,True,13,1,4,16,0.7418655097613883
9225,True,16,1,2,9,0.7456310679611651
10398,True,28,1,3,19,0.7145038167938931
8145,True,15,1,1,7,0.7827956989247311
10624,True,16,1,5,31,0.618798955613577
9821,False,18,1,3,19,0.7418655097613883
9037,True,7,1,4,19,0.8181818181818182
10607,True,25,1,4,36,0.7351524879614768
10600,False,16,1,4,24,0.7418655097613883
8471,False,11,1,8,44,0.7145038167938931
8976,True,32,1,4,18,0.7418655097613883
9116,False,12,1,3,18,0.8938906752411576
8417,False,9,1,2,18,0.7145038167938931
9489,True,8,1,4,27,0.7145038167938931
8702,True,12,1,4,22,0.7351524879614768
9398,False,23,1,3,21,0.8938906752411576
9449,False,24,1,3,15,0.7351524879614768
9790,True,56,1,2,9,0.7827956989247311
9319,True,21,1,6,32,0.7145038167938931
8729,False,12,1,3,20,0.7827956989247311
9387,True,15,1,1,9,0.7351524879614768
9299,True,19,1,4,24,0.7456310679611651
10180,True,13,1,9,43,0.8938906752411576
8829,True,29,1,4,24,0.7145038167938931
8366,False,26,1,4,25,0.6890595009596929
10152,True,15,1,8,48,0.8938906752411576
8849,True,9,1,4,22,0.8181818181818182
8822,True,13,1,4,23,0.7827956989247311
9958,True,19,1,6,31,0.7456310679611651
9524,True,34,1,20,122,0.7145038167938931
8010,False,10,1,3,19,0.6890595009596929
9271,True,23,1,5,43,0.7456310679611651
8418,True,23,1,12,58,0.8181818181818182
10258,True,46,1,4,21,0.7145038167938931
8642,True,27,1,4,25,0.7418655097613883
8371,False,18,1,13,64,0.7351524879614768
8389,False,18,1,7,43,0.6890595009596929
8690,True,15,1,4,25,0.7145038167938931
8195,False,15,1,6,40,0.6890595009596929
8742,True,9,1,3,14,0.8181818181818182
8232,True,16,1,3,18,0.7351524879614768
10379,True,21,1,6,31,0.7145038167938931
8658,False,15,1,5,35,0.6890595009596929
9979,False,19,1,6,50,0.7145038167938931
10490,True,31,1,1,10,0.7456310679611651
10170,False,15,1,7,39,0.7456310679611651
8562,True,25,1,5,24,0.7456310679611651
9512,True,15,1,12,52,0.8938906752411576
8046,False,22,1,7,35,0.618798955613577
10155,True,22,1,5,33,0.6890595009596929
9404,False,11,1,4,23,0.7351524879614768
8689,True,32,1,5,30,0.618798955613577
8982,False,15,1,12,71,0.8938906752411576
9595,True,18,1,2,9,0.7827956989247311
9148,True,17,1,5,24,0.7145038167938931
8191,True,21,1,2,12,0.7145038167938931
9106,True,8,1,3,18,0.8181818181818182
8746,True,36,1,3,11,0.7351524879614768
9657,True,23,1,5,27,0.7456310679611651
9069,True,23,1,4,22,0.7827956989247311
10280,False,10,1,5,23,0.8181818181818182
8161,False,19,1,4,26,0.6890595009596929
8222,False,12,1,7,36,0.7456310679611651
8533,True,18,1,1,9,0.7418655097613883
9570,True,17,1,3,16,0.7827956989247311
10270,False,31,1,1,11,0.7418655097613883
10536,True,20,1,4,23,0.7351524879614768
9600,True,25,1,3,17,0.7351524879614768
10031,True,17,1,3,22,0.7827956989247311
9997,False,14,1,4,18,0.7351524879614768
9788,False,26,1,9,51,0.6890595009596929
10189,False,19,1,5,27,0.6890595009596929
10523,True,17,1,7,39,0.7145038167938931
10386,True,21,1,4,29,0.7351524879614768
8832,True,17,1,7,38,0.7456310679611651
8291,False,11,1,5,20,0.618798955613577
8334,True,23,1,2,16,0.7145038167938931
9957,False,24,1,9,49,0.7351524879614768
9542,True,22,1,2,18,0.7145038167938931
8309,False,21,1,6,41,0.6890595009596929
9169,True,22,1,5,40,0.6890595009596929
8086,False,13,1,7,43,0.8938906752411576
9325,False,47,1,2,9,0.7827956989247311
9382,False,15,1,2,12,0.7351524879614768
9810,True,24,1,4,19,0.618798955613577
10324,False,18,1,4,34,0.6890595009596929
9348,True,19,1,7,42,0.7418655097613883
8013,True,8,1,2,11,0.8181818181818182
8500,False,23,1,4,34,0.7145038167938931
9578,True,8,1,5,23,0.8181818181818182
9448,True,18,1,4,22,0.7351524879614768
9076,True,7,1,5,32,0.8181818181818182
10045,True,13,1,6,37,0.7351524879614768
8083,False,12,1,9,46,0.7145038167938931
9675,True,10,1,7,46,0.6890595009596929
10353,False,16,1,10,75,0.7418655097613883
8148,True,11,1,5,43,0.6890595009596929
10087,True,11,1,5,26,0.8181818181818182
9258,True,14,1,4,23,0.6890595009596929
8208,True,23,1,3,19,0.618798955613577
10002,True,29,1,9,46,0.6890595009596929
10190,True,22,1,6,31,0.7418655097613883
8316,True,38,1,2,10,0.7827956989247311
10347,False,25,1,3,17,0.618798955613577
9036,False,17,1,7,30,0.8938906752411576
8599,False,10,1,2,11,0.7351524879614768
8950,True,35,1,4,15,0.618798955613577
9174,False,12,1,3,28,0.7351524879614768
9649,False,17,1,9,37,0.8938906752411576
9927,False,20,1,12,64,0.7351524879614768
10683,True,8,1,2,12,0.8181818181818182
9913,False,34,1,5,22,0.618798955613577
10046,True,11,1,6,33,0.8181818181818182
9092,False,30,1,3,16,0.7456310679611651
9784,False,9,1,6,48,0.7418655097613883
9967,True,34,1,3,17,0.7145038167938931
9928,True,37,1,9,46,0.7351524879614768
8890,True,15,1,5,34,0.7456310679611651
8972,False,24,1,5,22,0.7145038167938931
10700,True,35,1,2,12,0.7827956989247311
10164,True,31,1,3,14,0.7456310679611651
8723,False,9,1,4,33,0.7418655097613883
9462,True,33,1,2,9,0.7827956989247311
9270,True,19,1,7,37,0.8938906752411576
10050,True,20,1,2,14,0.618798955613577
8258,True,37,1,3,14,0.7418655097613883
9143,True,14,1,2,15,0.7827956989247311
8263,True,15,1,1,5,0.7456310679611651
8139,False,13,1,8,42,0.7456310679611651
9160,True,10,1,4,25,0.7827956989247311
8885,False,25,1,7,43,0.7145038167938931
9284,False,19,1,6,32,0.8938906752411576
9265,True,20,1,3,12,0.7351524879614768
8570,True,16,1,2,10,0.7827956989247311
10491,True,16,1,8,34,0.8938906752411576
10666,True,13,1,6,45,0.7456310679611651
9854,True,13,1,3,15,0.7827956989247311
10102,True,18,1,8,41,0.7145038167938931
8588,False,22,1,6,45,0.6890595009596929
9601,True,22,1,7,38,0.7145038167938931
10352,True,23,1,9,49,0.6890595009596929
10268,True,22,1,3,16,0.7827956989247311
9005,False,32,1,3,18,0.7145038167938931
9427,True,20,1,2,11,0.7145038167938931
10325,True,18,1,4,20,0.618798955613577
8388,True,25,1,3,11,0.7351524879614768
9882,True,8,1,6,40,0.7456310679611651
9647,True,24,1,5,23,0.7145038167938931
9819,False,25,1,10,57,0.7145038167938931
9645,True,22,1,4,14,0.618798955613577
10369,False,21,1,3,11,0.8938906752411576
9932,True,21,1,4,22,0.618798955613577
8552,True,12,1,3,18,0.8181818181818182
8526,True,29,1,3,19,0.8181818181818182
8305,False,21,1,5,19,0.7418655097613883
8383,True,8,1,5,24,0.8181818181818182
10658,False,18,1,9,66,0.6890595009596929
10075,True,16,1,4,22,0.7456310679611651
8651,True,17,1,8,60,0.6890595009596929
9055,True,18,1,4,30,0.7145038167938931
8129,False,25,1,3,15,0.7351524879614768
8677,True,15,1,1,6,0.7351524879614768
8033,True,31,1,3,13,0.7351524879614768
9681,True,21,1,2,13,0.7827956989247311
10549,True,20,1,4,22,0.7418655097613883
10263,True,10,1,7,51,0.8181818181818182
8318,False,12,1,5,22,0.618798955613577
9809,True,11,1,6,30,0.8181818181818182
8631,False,23,1,9,60,0.8181818181818182
8074,True,16,1,4,23,0.7456310679611651
10081,True,13,1,3,19,0.8181818181818182
9829,True,23,1,10,53,0.7145038167938931
10446,True,8,1,5,29,0.8181818181818182
9942,True,9,1,2,14,0.618798955613577
10267,False,12,1,7,37,0.7145038167938931
10041,True,10,1,4,29,0.7145038167938931
8884,True,29,1,8,54,0.7351524879614768
8288,False,31,1,4,20,0.7145038167938931
10544,True,20,1,6,38,0.7145038167938931
9032,False,12,1,7,34,0.7827956989247311
9611,True,10,1,5,35,0.7456310679611651
9355,True,30,1,3,17,0.7827956989247311
10404,True,24,1,3,20,0.7827956989247311
9723,False,29,1,4,28,0.7351524879614768
8947,False,23,1,7,41,0.8938906752411576
9883,False,17,1,3,12,0.8181818181818182
8591,False,18,1,5,34,0.7145038167938931
10556,True,16,1,4,24,0.7351524879614768
8881,True,14,1,5,20,0.618798955613577
8528,True,15,1,4,14,0.618798955613577
9326,True,8,1,5,22,0.7456310679611651
9321,False,14,1,7,40,0.6890595009596929
9481,True,49,1,4,22,0.7418655097613883
8394,False,8,1,4,20,0.7456310679611651
9277,False,14,1,6,34,0.7418655097613883
9364,True,19,1,3,22,0.6890595009596929
10498,True,20,1,11,57,0.618798955613577
9352,True,9,1,4,24,0.7145038167938931
9885,True,17,1,6,29,0.6890595009596929
9937,True,25,1,2,9,0.7827956989247311
10569,False,28,1,1,5,0.7418655097613883
9126,True,30,1,2,9,0.7827956989247311
8634,False,17,1,6,38,0.8938906752411576
8097,True,19,1,3,15,0.6890595009596929
8671,True,35,1,11,57,0.618798955613577
9685,True,15,1,3,13,0.7351524879614768
9984,True,25,1,3,23,0.7827956989247311
8122,True,15,1,5,34,0.8938906752411576
8632,False,10,1,4,24,0.7351524879614768
9959,False,13,1,10,57,0.8938906752411576
10573,False,18,1,12,69,0.7456310679611651
9586,False,11,1,6,39,0.8181818181818182
9018,True,21,1,11,66,0.7145038167938931
9107,True,9,1,6,29,0.8181818181818182
9212,True,11,1,5,21,0.618798955613577
8727,False,21,1,3,12,0.7418655097613883
10695,True,15,1,5,30,0.6890595009596929
8058,False,14,1,8,48,0.7145038167938931
8602,True,12,1,3,15,0.7145038167938931
8110,True,22,1,3,19,0.7827956989247311
8954,False,21,1,8,57,0.7145038167938931
10634,True,22,1,3,21,0.7827956989247311
9654,False,10,1,1,12,0.8938906752411576
10414,False,9,1,6,36,0.6890595009596929
9871,True,11,1,7,31,0.8181818181818182
8819,False,15,1,6,28,0.7351524879614768
10537,False,20,1,7,41,0.7418655097613883
8657,False,20,1,5,23,0.7351524879614768
8201,False,30,1,3,12,0.7351524879614768
8862,False,11,1,4,29,0.8181818181818182
10281,True,14,1,2,14,0.7145038167938931
10346,False,15,1,4,32,0.8938906752411576
10161,True,28,1,3,12,0.7351524879614768
8429,True,14,1,3,16,0.7351524879614768
9035,True,27,1,4,18,0.618798955613577
9026,False,23,1,4,25,0.7456310679611651
8676,False,18,1,3,17,0.6890595009596929
10685,True,7,1,4,30,0.7418655097613883
9044,True,25,1,3,15,0.618798955613577
8325,False,14,1,3,17,0.618798955613577
8787,True,20,1,1,7,0.7456310679611651
9066,True,22,1,3,17,0.7827956989247311
8150,True,15,1,2,12,0.7418655097613883
8205,True,7,1,4,25,0.8181818181818182
8983,True,11,1,7,47,0.8181818181818182
8730,False,24,1,3,12,0.7351524879614768
9104,True,35,1,5,24,0.7827956989247311
10174,True,20,1,3,19,0.7827956989247311
10080,True,11,1,9,54,0.7456310679611651
8168,False,27,1,3,16,0.7351524879614768
8977,True,13,1,4,24,0.8938906752411576
8262,True,9,1,3,12,0.8181818181818182
8212,False,24,1,6,41,0.7456310679611651
9289,False,13,1,6,30,0.7145038167938931
8579,True,11,1,6,37,0.6890595009596929
10226,True,14,1,4,25,0.8181818181818182
9135,True,11,1,8,55,0.8938906752411576
9361,True,11,1,3,11,0.7351524879614768
10629,True,12,1,4,28,0.7145038167938931
10176,True,27,1,6,39,0.7418655097613883
9772,False,10,1,6,30,0.8181818181818182
9684,False,28,1,4,20,0.7145038167938931
8614,False,17,1,8,39,0.7456310679611651
8419,False,17,1,6,24,0.618798955613577
9349,True,20,1,9,48,0.8938906752411576
10605,False,26,1,7,49,0.7145038167938931
8623,True,21,1,14,77,0.7145038167938931
8927,False,30,1,5,33,0.7418655097613883
9285,True,13,1,6,35,0.618798955613577
8586,False,18,1,3,18,0.7351524879614768
8036,False,41,1,10,59,0.7351524879614768
8649,True,24,1,4,21,0.7827956989247311
9490,False,14,1,4,23,0.7145038167938931
9721,False,17,1,8,48,0.8938906752411576
10206,False,17,1,9,53,0.7418655097613883
9934,False,27,1,3,13,0.7351524879614768
8810,True,9,1,1,6,0.7456310679611651
10481,True,20,1,9,55,0.7145038167938931
8960,True,18,1,3,18,0.8181818181818182
10104,True,22,1,3,17,0.7827956989247311
10335,True,26,1,8,50,0.7145038167938931
9814,True,19,1,2,10,0.7827956989247311
10391,True,17,1,3,14,0.8938906752411576
9996,True,22,1,5,22,0.6890595009596929
10650,False,19,1,10,52,0.7145038167938931
8468,True,15,1,5,24,0.8181818181818182
9451,True,23,1,3,15,0.7827956989247311
9292,False,16,1,8,39,0.618798955613577
10646,True,21,1,4,23,0.7145038167938931
10350,True,14,1,5,32,0.7145038167938931
8354,True,14,1,12,82,0.6890595009596929
10302,True,11,1,6,26,0.6890595009596929
10505,False,14,1,2,15,0.7145038167938931
8094,True,7,1,4,20,0.7351524879614768
8663,True,12,1,5,24,0.8181818181818182
8916,True,27,1,5,26,0.7418655097613883
9189,True,8,1,3,19,0.8181818181818182
9474,False,26,1,6,27,0.7827956989247311
9456,True,17,1,4,26,0.6890595009596929
8989,False,40,1,7,41,0.7145038167938931
8692,False,33,1,4,23,0.7351524879614768
9941,True,17,1,3,17,0.8181818181818182
9550,True,26,1,6,40,0.7827956989247311
8001,True,10,1,3,18,0.6890595009596929
8234,True,28,1,4,21,0.7145038167938931
10091,True,33,1,1,11,0.7456310679611651
10653,False,24,1,6,35,0.6890595009596929
8280,True,19,1,3,12,0.7418655097613883
8265,True,29,1,4,21,0.7145038167938931
8703,False,16,1,4,19,0.7351524879614768
9748,False,41,1,3,18,0.7827956989247311
8132,True,15,1,4,30,0.6890595009596929
8840,False,23,1,4,26,0.7418655097613883
9740,False,53,1,8,48,0.7145038167938931
8479,False,13,1,7,52,0.6890595009596929
10468,False,19,1,10,64,0.7145038167938931
9052,False,9,1,2,11,0.7418655097613883
10602,False,14,1,3,21,0.8181818181818182
9665,False,14,1,9,53,0.8181818181818182
9828,True,26,1,16,82,0.7418655097613883
8199,True,9,1,5,36,0.8181818181818182
8421,False,18,1,3,12,0.7351524879614768
8913,True,15,1,6,32,0.7418655097613883
8465,True,39,1,13,54,0.618798955613577
8779,False,20,1,4,25,0.7351524879614768
8696,True,20,1,3,13,0.7827956989247311
8131,True,27,1,1,10,0.8938906752411576
10548,False,18,1,2,8,0.7351524879614768
10644,False,11,1,7,41,0.7456310679611651
8007,True,25,1,6,31,0.7418655097613883
9780,False,19,1,5,29,0.7145038167938931
10421,True,11,1,5,32,0.8181818181818182
9722,True,14,1,4,26,0.7145038167938931
8408,True,13,1,1,7,0.7456310679611651
9286,False,16,1,4,23,0.7827956989247311
10385,False,8,1,5,39,0.8938906752411576
8715,True,26,1,5,22,0.618798955613577
10040,True,17,1,5,27,0.7145038167938931
8966,True,21,1,3,14,0.7827956989247311
8971,True,27,1,10,62,0.7418655097613883
9656,True,10,1,4,24,0.7456310679611651
8209,True,24,1,3,12,0.7827956989247311
10343,True,20,1,7,48,0.8938906752411576
9935,True,43,1,10,52,0.7418655097613883
8509,True,14,1,2,9,0.7145038167938931
10623,True,12,1,6,41,0.7456310679611651
10049,True,14,1,7,51,0.6890595009596929
10035,True,27,1,2,12,0.7351524879614768
10532,True,24,1,4,19,0.7456310679611651
9383,True,16,1,1,6,0.7456310679611651
8386,True,9,1,6,50,0.7351524879614768
9661,False,10,1,2,18,0.6890595009596929
8254,False,10,1,7,33,0.7351524879614768
8985,False,14,1,7,38,0.6890595009596929
10358,True,25,1,3,15,0.7351524879614768
8561,False,23,1,8,31,0.7351524879614768
8547,False,24,1,3,20,0.7351524879614768
8804,False,21,1,5,41,0.8938906752411576
9377,False,16,1,11,53,0.8938906752411576
9458,False,40,1,6,31,0.7418655097613883
8351,True,11,1,5,24,0.618798955613577
9728,False,19,1,3,12,0.6890595009596929
9766,True,9,1,6,41,0.8181818181818182
10365,True,19,1,3,26,0.6890595009596929
9012,True,21,1,5,33,0.7145038167938931
9047,True,18,1,4,25,0.7418655097613883
8864,True,20,1,6,50,0.7351524879614768
9919,False,16,1,8,35,0.7145038167938931
10051,True,29,1,1,6,0.7351524879614768
9195,False,12,1,2,14,0.8938906752411576
8695,True,11,1,4,19,0.618798955613577
9331,False,17,1,7,43,0.8938906752411576
8781,False,42,1,4,22,0.7145038167938931
9110,False,12,1,4,23,0.7145038167938931
10222,True,17,1,5,24,0.7456310679611651
10378,True,35,1,1,10,0.7456310679611651
10107,True,23,1,12,68,0.618798955613577
8146,True,12,1,7,31,0.8938906752411576
8285,True,17,1,3,19,0.6890595009596929
10064,False,26,1,16,85,0.7145038167938931
10502,False,15,1,11,69,0.7351524879614768
9112,True,16,1,5,30,0.618798955613577
9412,False,18,1,4,29,0.7827956989247311
9091,True,6,1,2,20,0.8181818181818182
10618,True,19,1,4,30,0.7418655097613883
8411,True,26,1,5,40,0.7456310679611651
10207,True,9,1,2,13,0.8181818181818182
8859,True,36,1,5,25,0.7145038167938931
9760,True,15,1,4,17,0.618798955613577
8993,True,15,1,4,26,0.6890595009596929
9801,True,23,1,4,23,0.7456310679611651
10661,True,22,1,7,47,0.7418655097613883
10508,False,14,1,5,28,0.7418655097613883
9752,True,9,1,6,28,0.7456310679611651
9144,False,14,1,4,26,0.7418655097613883
8583,True,62,1,3,23,0.7827956989247311
9648,True,27,1,5,27,0.7145038167938931
10020,True,11,1,3,18,0.8181818181818182
8590,True,42,1,2,15,0.7827956989247311
10528,False,25,1,6,38,0.7145038167938931
8906,True,22,1,4,31,0.7827956989247311
8988,True,14,1,6,46,0.7418655097613883
8153,True,10,1,2,10,0.7827956989247311
8266,True,14,1,5,28,0.8181818181818182
9824,True,7,1,4,22,0.8938906752411576
8577,False,14,1,4,24,0.7827956989247311
8846,True,11,1,3,12,0.8181818181818182
8455,True,13,1,4,24,0.7145038167938931
8032,True,15,1,4,27,0.6890595009596929
8861,True,6,1,2,17,0.6890595009596929
8163,True,21,1,5,25,0.7456310679611651
9330,False,28,1,6,37,0.7418655097613883
9917,False,12,1,4,25,0.7418655097613883
9105,True,31,1,4,17,0.7351524879614768
8773,False,27,1,8,46,0.7827956989247311
8376,True,25,1,4,25,0.8181818181818182
10440,True,22,1,4,20,0.7418655097613883
8273,True,7,1,4,28,0.6890595009596929
8344,False,9,1,3,14,0.8181818181818182
8159,False,19,1,2,15,0.7145038167938931
9129,True,25,1,4,14,0.618798955613577
9038,True,11,1,5,23,0.8181818181818182
10018,True,17,1,6,41,0.7456310679611651
10529,False,24,1,2,14,0.7351524879614768
9614,False,22,1,3,13,0.7827956989247311
9007,True,23,1,5,26,0.618798955613577
9384,True,14,1,11,50,0.8938906752411576
8541,True,22,1,1,4,0.7418655097613883
9440,True,8,1,4,26,0.7456310679611651
10058,False,25,1,6,44,0.7827956989247311
8998,True,41,1,2,10,0.7827956989247311
9024,True,13,1,4,16,0.618798955613577
10086,False,26,1,5,25,0.7145038167938931
9351,True,14,1,7,35,0.8181818181818182
9238,False,15,1,11,53,0.7351524879614768
8070,True,16,1,4,25,0.7418655097613883
10283,True,21,1,1,6,0.7456310679611651
10256,True,18,1,3,15,0.618798955613577
9960,False,24,1,3,18,0.7827956989247311
10074,False,14,1,7,41,0.7456310679611651
10397,True,19,1,4,30,0.7456310679611651
8821,False,18,1,2,12,0.7418655097613883
9926,True,16,1,3,19,0.7418655097613883
9846,True,17,1,7,45,0.7418655097613883
8069,False,16,1,6,33,0.6890595009596929
10525,True,12,1,2,13,0.7827956989247311
9576,False,26,1,6,28,0.7145038167938931
9242,True,11,1,2,9,0.7827956989247311
9070,False,15,1,3,14,0.8181818181818182
9231,True,12,1,4,23,0.8181818181818182
9207,True,16,1,3,13,0.7351524879614768
9380,True,9,1,6,37,0.8181818181818182
10645,False,23,1,8,42,0.7145038167938931
9118,True,12,1,4,25,0.8181818181818182
9778,True,26,1,4,22,0.7418655097613883
9113,False,40,1,3,11,0.7351524879614768
8249,False,21,1,3,16,0.7456310679611651
8359,True,27,1,3,15,0.7827956989247311
8639,False,8,1,4,24,0.8181818181818182
9746,True,23,1,3,13,0.7827956989247311
8969,False,23,1,3,14,0.7418655097613883
8798,True,18,1,2,12,0.7827956989247311
9702,True,36,1,2,14,0.7827956989247311
10197,False,18,1,1,5,0.7418655097613883
9416,True,9,1,3,14,0.8181818181818182
8630,False,19,1,4,23,0.8181818181818182
10234,False,24,1,4,24,0.7418655097613883
10024,True,20,1,6,40,0.6890595009596929
8625,False,21,1,10,53,0.6890595009596929
8292,True,15,1,4,26,0.6890595009596929
10463,True,18,1,4,25,0.8181818181818182
10028,False,7,1,4,28,0.6890595009596929
8830,False,15,1,8,50,0.6890595009596929
9303,True,19,1,3,16,0.7827956989247311
9340,True,14,1,5,28,0.7418655097613883
8795,True,26,1,3,14,0.7827956989247311
8894,False,11,1,5,33,0.7456310679611651
10101,False,30,1,1,5,0.7456310679611651
8601,False,30,1,4,25,0.7418655097613883
10483,True,16,1,3,10,0.7351524879614768
9467,False,14,1,2,13,0.7145038167938931
9827,True,31,1,3,18,0.7827956989247311
9059,False,16,1,4,21,0.6890595009596929
8300,True,14,1,11,71,0.7418655097613883
9410,True,14,1,8,39,0.6890595009596929
8734,True,15,1,6,38,0.7456310679611651
9254,True,9,1,4,15,0.7827956989247311
8430,False,11,1,5,26,0.7456310679611651
9609,False,15,1,10,42,0.618798955613577
10507,True,13,1,1,6,0.7456310679611651
9429,True,20,1,2,12,0.8181818181818182
10105,True,14,1,2,13,0.7827956989247311
10648,True,23,1,1,8,0.7418655097613883
8084,True,24,1,3,10,0.7351524879614768
8055,True,46,1,5,25,0.7145038167938931
8666,False,27,1,9,43,0.7351524879614768
10311,False,26,1,2,13,0.7351524879614768
8387,True,23,1,9,50,0.7418655097613883
9065,True,20,1,6,32,0.7456310679611651
8441,False,18,1,2,14,0.7418655097613883
9010,False,12,1,5,28,0.618798955613577
9017,True,16,1,4,22,0.7456310679611651
8511,True,13,1,10,50,0.8938906752411576
8481,True,10,1,5,33,0.8181818181818182
10489,True,29,1,6,33,0.7351524879614768
10338,True,29,1,4,20,0.7456310679611651
9519,True,17,1,4,21,0.7145038167938931
10056,True,18,1,3,11,0.8181818181818182
8710,False,20,1,5,40,0.8181818181818182
10609,True,12,1,4,33,0.8938906752411576
8303,False,24,1,1,7,0.7351524879614768
8446,False,30,1,10,51,0.7418655097613883
10065,False,14,1,7,29,0.618798955613577
8439,False,23,1,17,91,0.7145038167938931
9327,False,19,1,6,31,0.6890595009596929
9138,True,33,1,5,23,0.7351524879614768
9488,False,15,1,6,33,0.8938906752411576
10296,False,34,1,6,28,0.7145038167938931
10209,True,17,1,5,25,0.7145038167938931
9262,True,26,1,2,9,0.7827956989247311
10165,True,9,1,5,29,0.8181818181818182
9266,True,19,1,4,26,0.7456310679611651
9749,False,12,1,4,33,0.6890595009596929
10655,True,14,1,3,13,0.618798955613577
10304,True,16,1,7,45,0.8938906752411576
8166,True,15,1,7,43,0.618798955613577
8584,True,20,1,4,20,0.7351524879614768
10717,False,19,1,3,19,0.8181818181818182
8066,True,25,1,8,56,0.7418655097613883
8073,False,25,1,9,51,0.7145038167938931
8806,True,21,1,6,25,0.618798955613577
9115,True,28,1,4,24,0.7456310679611651
10195,True,7,1,5,24,0.8938906752411576
8171,True,11,1,5,36,0.8181818181818182
9730,True,8,1,5,32,0.6890595009596929
10677,True,17,1,10,61,0.6890595009596929
8521,True,24,1,7,30,0.7145038167938931
8555,False,17,1,1,5,0.7456310679611651
9341,True,13,1,4,15,0.618798955613577
8992,True,20,1,6,42,0.7145038167938931
9237,False,30,1,3,20,0.7351524879614768
8722,True,28,1,6,29,0.7418655097613883
9712,True,14,1,3,23,0.7418655097613883
9857,False,16,1,4,28,0.7351524879614768
9085,False,29,1,13,59,0.7418655097613883
10617,True,15,1,3,19,0.8181818181818182
8227,False,10,1,7,42,0.618798955613577
8918,False,13,1,5,38,0.8938906752411576
8566,False,24,1,7,36,0.8181818181818182
10221,True,13,1,3,20,0.7456310679611651
10679,False,19,1,10,40,0.7418655097613883
10254,False,13,1,3,19,0.7145038167938931
10531,False,13,1,6,35,0.6890595009596929
9405,True,29,1,4,21,0.7351524879614768
10177,True,11,1,5,28,0.7145038167938931
8915,False,25,1,1,9,0.7351524879614768
8576,False,17,1,5,27,0.618798955613577
10158,True,10,1,7,35,0.8181818181818182
8331,True,19,1,2,11,0.7827956989247311
10361,False,24,1,2,14,0.8938906752411576
8261,True,14,1,5,32,0.6890595009596929
8749,True,28,1,10,53,0.7456310679611651
9952,False,10,1,7,41,0.8181818181818182
8963,True,18,1,4,13,0.618798955613577
8880,False,19,1,3,25,0.7456310679611651
8433,False,25,1,2,12,0.7827956989247311
8019,True,27,1,3,16,0.7827956989247311
9745,False,29,1,3,12,0.7827956989247311
8322,True,15,1,4,25,0.7827956989247311
10374,True,22,1,6,28,0.618798955613577
8531,False,23,1,1,4,0.7351524879614768
8114,False,31,1,7,46,0.7418655097613883
8472,True,30,1,3,18,0.7351524879614768
10486,False,16,1,5,53,0.6890595009596929
9624,True,22,1,4,27,0.7145038167938931
10606,True,27,1,6,35,0.7145038167938931
9896,True,19,1,4,24,0.618798955613577
8198,True,10,1,6,31,0.8181818181818182
10008,True,8,1,3,16,0.8181818181818182
9468,True,30,1,4,24,0.7827956989247311
10085,False,10,1,3,15,0.8181818181818182
10003,True,17,1,5,24,0.7145038167938931
10403,True,20,1,5,26,0.7456310679611651
9061,True,12,1,6,24,0.8181818181818182
10321,True,8,1,3,17,0.8181818181818182
10436,True,9,1,3,15,0.8181818181818182
9008,True,13,1,2,11,0.7827956989247311
8175,True,15,1,2,15,0.7145038167938931
9370,True,24,1,5,27,0.7145038167938931
10449,False,9,1,3,21,0.7827956989247311
8868,True,21,1,4,19,0.7351524879614768
9800,True,9,1,3,24,0.6890595009596929
9755,False,14,1,10,57,0.7456310679611651
8622,True,17,1,3,12,0.7351524879614768
8005,False,18,1,15,86,0.7145038167938931
8314,True,22,1,1,8,0.7418655097613883
10238,True,30,1,2,9,0.7827956989247311
8693,True,14,1,5,23,0.618798955613577
8180,True,23,1,3,22,0.6890595009596929
10212,True,12,1,3,11,0.7351524879614768
8633,False,10,1,2,17,0.7145038167938931
8691,False,13,1,2,12,0.6890595009596929
9329,True,13,1,1,8,0.7351524879614768
8878,True,14,1,4,23,0.7456310679611651
8313,False,22,1,7,47,0.6890595009596929
9260,False,21,1,4,36,0.618798955613577
9666,True,17,1,3,12,0.7351524879614768
9041,True,21,1,5,27,0.7456310679611651
9328,False,14,1,2,17,0.7145038167938931
10243,True,9,1,2,9,0.8938906752411576
9141,True,15,1,3,20,0.6890595009596929
9153,True,20,1,5,30,0.618798955613577
8428,False,18,1,4,22,0.7418655097613883
10147,True,30,1,1,5,0.7351524879614768
8211,False,14,1,4,19,0.7351524879614768
9970,True,18,1,6,31,0.8938906752411576
9771,True,19,1,3,17,0.7351524879614768
8725,False,12,1,3,21,0.6890595009596929
10134,True,21,1,4,18,0.7145038167938931
8654,False,7,1,4,18,0.618798955613577
9548,True,27,1,6,30,0.7456310679611651
10694,True,16,1,6,36,0.8181818181818182
10144,True,12,1,9,58,0.8938906752411576
8320,True,20,1,8,44,0.8938906752411576
10230,True,45,1,6,33,0.7145038167938931
8926,True,16,1,4,16,0.7351524879614768
10559,True,11,1,3,16,0.8181818181818182
8546,False,26,1,6,35,0.7456310679611651
9131,True,7,1,2,16,0.7145038167938931
8213,True,17,1,4,22,0.618798955613577
8673,True,20,1,3,22,0.7418655097613883
10294,False,33,1,3,19,0.8938906752411576
9733,False,20,1,7,35,0.7456310679611651
9953,True,7,1,3,22,0.8181818181818182
10006,True,35,1,4,25,0.7827956989247311
8608,False,22,1,4,26,0.7145038167938931
8551,False,14,1,5,34,0.6890595009596929
9521,False,25,1,3,22,0.6890595009596929
9863,False,21,1,10,54,0.7418655097613883
10237,False,24,1,14,66,0.7418655097613883
8979,False,13,1,4,21,0.6890595009596929
10640,True,21,1,3,15,0.7351524879614768
8422,True,25,1,4,33,0.7351524879614768
9385,False,23,1,4,25,0.618798955613577
9339,False,14,1,9,60,0.6890595009596929
9108,True,15,1,3,30,0.6890595009596929
8922,True,19,1,1,5,0.7418655097613883
8780,False,17,1,8,45,0.618798955613577
8904,True,26,1,2,15,0.8938906752411576
9298,True,15,1,4,23,0.6890595009596929
10013,True,18,1,4,32,0.7827956989247311
8999,False,21,1,2,16,0.6890595009596929
10662,False,21,1,4,29,0.618798955613577
9615,False,18,1,3,17,0.6890595009596929
10118,True,16,1,3,14,0.7145038167938931
8932,True,32,1,3,12,0.7351524879614768
8940,True,21,1,2,11,0.7145038167938931
9239,True,20,1,5,34,0.7418655097613883
8653,False,17,1,4,24,0.7456310679611651
10383,False,18,1,13,73,0.7145038167938931
8042,True,9,1,6,27,0.7351524879614768
8346,False,7,1,4,20,0.618798955613577
10235,True,21,1,6,33,0.8938906752411576
8442,True,19,1,3,15,0.7351524879614768
9640,True,29,1,12,65,0.618798955613577
8297,True,10,1,3,16,0.8181818181818182
8619,True,10,1,5,26,0.8181818181818182
9904,True,11,1,4,26,0.7456310679611651
8549,True,16,1,3,12,0.7351524879614768
9634,False,27,1,7,44,0.7351524879614768
8246,True,22,1,2,14,0.7418655097613883
10005,True,13,1,6,34,0.8938906752411576
9933,True,33,1,4,17,0.7418655097613883
8031,False,27,1,7,37,0.7145038167938931
8731,True,48,1,8,41,0.7145038167938931
10185,True,19,1,10,52,0.7456310679611651
9063,True,15,1,11,48,0.6890595009596929
8049,False,22,1,5,31,0.6890595009596929
9121,True,35,1,6,29,0.7418655097613883
10622,True,11,1,4,24,0.7145038167938931
9830,False,17,1,9,38,0.7456310679611651
8375,False,11,1,4,19,0.8181818181818182
9033,True,13,1,5,18,0.7418655097613883
8494,True,20,1,9,40,0.7145038167938931
9873,False,17,1,3,17,0.8181818181818182
9925,False,14,1,3,12,0.7351524879614768
8135,False,34,1,16,71,0.618798955613577
8707,True,37,1,3,17,0.618798955613577
9715,False,23,1,8,53,0.7351524879614768
9228,False,23,1,11,61,0.7145038167938931
10220,True,23,1,6,34,0.6890595009596929
10132,True,12,1,4,24,0.7351524879614768
9553,True,21,1,4,27,0.7418655097613883
9185,False,18,1,7,36,0.7351524879614768
10048,True,19,1,7,44,0.8938906752411576
9029,False,34,1,2,11,0.7351524879614768
9293,False,17,1,14,67,0.7351524879614768
9360,True,6,1,2,14,0.8181818181818182
9981,True,21,1,3,17,0.7827956989247311
10423,True,25,1,4,24,0.7456310679611651
9906,True,26,1,10,46,0.7351524879614768
8733,False,13,1,3,22,0.7456310679611651
9432,True,16,1,3,20,0.6890595009596929
9555,True,11,1,3,15,0.8938906752411576
8556,False,13,1,4,20,0.7145038167938931
9295,False,29,1,3,16,0.8181818181818182
9060,True,8,1,5,29,0.8181818181818182
9188,True,19,1,1,6,0.7456310679611651
10696,True,21,1,5,39,0.8938906752411576
9688,False,17,1,4,27,0.7145038167938931
10520,False,21,1,7,52,0.7827956989247311
8014,False,28,1,1,10,0.7418655097613883
8900,False,22,1,9,60,0.6890595009596929
9758,True,28,1,5,31,0.7145038167938931
8545,True,16,1,6,30,0.8938906752411576
10153,True,11,1,4,21,0.7418655097613883
8892,True,28,1,20,121,0.7418655097613883
8735,True,25,1,3,13,0.7351524879614768
9581,True,18,1,7,29,0.8181818181818182
9316,False,24,1,5,19,0.7351524879614768
10236,True,10,1,2,22,0.6890595009596929
10157,True,15,1,3,13,0.7351524879614768
8594,False,18,1,6,36,0.7456310679611651
8251,True,23,1,3,13,0.7351524879614768
8741,True,33,1,2,10,0.7827956989247311
10554,False,24,1,5,34,0.7418655097613883
9822,True,11,1,8,46,0.7418655097613883
9304,True,20,1,6,36,0.6890595009596929
8312,True,19,1,8,40,0.7145038167938931
8767,True,16,1,5,29,0.6890595009596929
9514,True,12,1,3,15,0.7456310679611651
8277,False,16,1,4,22,0.6890595009596929
9895,True,13,1,3,21,0.7418655097613883
9393,False,11,1,8,37,0.7351524879614768
9368,True,40,1,3,17,0.7827956989247311
8758,False,12,1,4,24,0.8181818181818182
9296,True,9,1,4,22,0.7456310679611651
8921,True,30,1,1,11,0.7456310679611651
9244,True,28,1,3,10,0.8181818181818182
9067,True,23,1,4,23,0.7456310679611651
8883,False,20,1,4,24,0.7418655097613883
9713,True,10,1,2,10,0.7351524879614768
9994,True,15,1,7,43,0.7351524879614768
9097,False,37,1,3,18,0.8938906752411576
10199,True,19,1,3,21,0.7456310679611651
8239,False,16,1,3,23,0.7145038167938931
9918,True,15,1,4,28,0.7827956989247311
8250,False,24,1,5,22,0.8181818181818182
8569,False,21,1,10,57,0.7456310679611651
9437,True,10,1,5,32,0.8181818181818182
8051,True,14,1,3,14,0.8181818181818182
8828,False,21,1,4,30,0.7418655097613883
9218,True,10,1,4,21,0.8181818181818182
10227,True,42,1,4,18,0.618798955613577
8457,True,12,1,7,35,0.8181818181818182
9881,True,25,1,2,8,0.7827956989247311
10329,True,17,1,7,38,0.8938906752411576
8589,False,18,1,5,37,0.6890595009596929
8102,True,21,1,7,52,0.7351524879614768
10509,False,10,1,3,15,0.8181818181818182
10587,True,18,1,1,6,0.7456310679611651
10027,False,17,1,9,45,0.8181818181818182
10699,False,17,1,6,36,0.6890595009596929
8424,True,13,1,10,55,0.8938906752411576
8169,False,25,1,8,43,0.7456310679611651
9538,False,9,1,3,22,0.6890595009596929
10259,False,18,1,4,26,0.6890595009596929
9391,False,15,1,1,6,0.7351524879614768
8240,False,24,1,5,27,0.7145038167938931
9428,True,27,1,1,9,0.7418655097613883
9644,False,18,1,5,28,0.7418655097613883
9381,True,15,1,2,20,0.6890595009596929
9016,True,8,1,3,25,0.8181818181818182
9974,True,19,1,7,47,0.7145038167938931
9528,False,23,1,16,83,0.618798955613577
8559,True,47,1,3,23,0.7418655097613883
8897,True,27,1,2,11,0.7827956989247311
8373,True,19,1,4,19,0.7145038167938931
9794,True,49,1,4,19,0.7351524879614768
8489,False,23,1,8,47,0.7145038167938931
8231,True,11,1,7,48,0.7456310679611651
10278,False,14,1,9,61,0.7418655097613883
8887,True,9,1,6,36,0.6890595009596929
9975,True,16,1,2,11,0.7145038167938931
8518,False,26,1,12,68,0.7456310679611651
9667,True,14,1,3,19,0.7418655097613883
9893,True,31,1,5,31,0.7351524879614768
10557,True,18,1,3,15,0.8181818181818182
10072,False,18,1,10,66,0.618798955613577
9564,True,9,1,5,39,0.6890595009596929
8140,True,24,1,2,13,0.7827956989247311
10307,True,30,1,3,11,0.7351524879614768
10240,True,11,1,7,39,0.8181818181818182
9413,False,22,1,6,32,0.8938906752411576
10265,True,15,1,5,30,0.6890595009596929
9145,False,11,1,4,20,0.6890595009596929
8217,False,17,1,4,15,0.618798955613577
8369,False,11,1,6,34,0.7827956989247311
8333,False,15,1,8,52,0.6890595009596929
8501,True,12,1,9,59,0.6890595009596929
10068,False,11,1,7,48,0.8181818181818182
8903,True,9,1,3,16,0.8181818181818182
8241,True,30,1,4,17,0.7418655097613883
8204,False,25,1,4,16,0.7145038167938931
9729,False,21,1,5,34,0.8938906752411576
9442,True,11,1,4,26,0.6890595009596929
9732,True,17,1,2,20,0.7145038167938931
9698,True,32,1,15,81,0.7145038167938931
9452,True,15,1,2,16,0.7145038167938931
8315,False,15,1,11,60,0.6890595009596929
9848,True,43,1,5,32,0.7145038167938931
8490,True,26,1,5,22,0.618798955613577
9043,True,13,1,4,14,0.618798955613577
10707,True,17,1,2,8,0.7351524879614768
8793,True,13,1,6,31,0.8181818181818182
9133,True,12,1,9,44,0.8938906752411576
9221,True,12,1,4,19,0.7145038167938931
8154,True,17,1,3,26,0.6890595009596929
9835,True,12,1,4,15,0.618798955613577
9487,False,14,1,11,54,0.8938906752411576
9064,False,16,1,3,18,0.7827956989247311
10239,True,22,1,2,9,0.7827956989247311
8936,False,23,1,1,6,0.7351524879614768
10055,True,9,1,6,31,0.8181818181818182
8496,True,9,1,7,41,0.8181818181818182
8492,True,18,1,2,7,0.7827956989247311
10010,False,13,1,5,23,0.7456310679611651
10246,False,22,1,6,35,0.7145038167938931
9992,True,20,1,3,12,0.7351524879614768
10052,True,22,1,2,8,0.7827956989247311
8604,False,21,1,3,20,0.6890595009596929
8385,False,12,1,5,26,0.7456310679611651
10442,False,23,1,5,31,0.8181818181818182
9605,False,17,1,5,22,0.8938906752411576
8349,True,19,1,2,8,0.7827956989247311
10000,True,18,1,4,26,0.8938906752411576
10342,True,13,1,4,29,0.8181818181818182
8850,True,12,1,4,26,0.8181818181818182
8506,True,8,1,5,37,0.8181818181818182
10303,True,8,1,5,26,0.8181818181818182
9167,True,19,1,3,20,0.7145038167938931
8361,True,31,1,9,47,0.7145038167938931
9845,False,28,1,3,21,0.7351524879614768
10533,False,18,1,3,27,0.6890595009596929
9479,False,28,1,3,12,0.7351524879614768
10467,False,12,1,2,14,0.8181818181818182
9184,True,21,1,2,11,0.618798955613577
9840,False,13,1,8,43,0.6890595009596929
8015,True,22,1,5,26,0.7456310679611651
8186,True,13,1,3,15,0.7827956989247311
9004,True,12,1,3,10,0.618798955613577
9083,True,47,1,5,22,0.7145038167938931
8535,True,20,1,7,41,0.7145038167938931
9095,True,11,1,5,26,0.6890595009596929
10285,True,17,1,10,44,0.7145038167938931
9884,False,15,1,8,47,0.8938906752411576
8854,True,30,1,2,8,0.7827956989247311
8529,True,18,1,6,21,0.8181818181818182
10203,False,9,1,6,42,0.8938906752411576
8778,False,24,1,1,9,0.7351524879614768
8035,True,32,1,3,12,0.7351524879614768
8814,True,47,1,4,25,0.7827956989247311
10100,True,9,1,4,19,0.8181818181818182
9951,True,14,1,3,23,0.6890595009596929
10388,True,26,1,3,14,0.7418655097613883
9540,True,15,1,1,7,0.7351524879614768
9114,False,16,1,7,47,0.7418655097613883
8340,False,20,1,6,23,0.618798955613577
9203,True,23,1,3,14,0.7351524879614768
8648,True,27,1,7,37,0.7145038167938931
10425,True,26,1,5,32,0.7145038167938931
8641,True,28,1,4,18,0.7145038167938931
10247,True,17,1,6,36,0.6890595009596929
9220,False,16,1,4,22,0.7456310679611651
10255,True,10,1,7,42,0.8181818181818182
8574,True,11,1,3,12,0.7351524879614768
8355,True,13,1,5,27,0.618798955613577
8264,False,19,1,4,16,0.6890595009596929
10563,False,12,1,8,51,0.7418655097613883
8235,False,14,1,2,11,0.7351524879614768
10472,True,9,1,6,30,0.6890595009596929
10076,True,14,1,4,23,0.7418655097613883
9977,False,19,1,4,29,0.7418655097613883
10202,True,8,1,5,31,0.8181818181818182
9463,True,17,1,3,13,0.7456310679611651
8709,True,18,1,4,23,0.7456310679611651
8098,True,29,1,3,14,0.7351524879614768
8536,True,50,1,3,24,0.7145038167938931
10540,True,23,1,5,25,0.8181818181818182
9832,True,13,1,8,32,0.7456310679611651
9589,False,21,1,15,94,0.7145038167938931
9543,True,14,1,5,24,0.6890595009596929
9334,False,26,1,7,43,0.618798955613577
8306,False,26,1,5,27,0.6890595009596929
9855,True,18,1,6,36,0.8181818181818182
8748,True,19,1,5,25,0.7145038167938931
8770,True,33,1,8,38,0.618798955613577
9081,False,24,1,3,18,0.7145038167938931
9205,False,33,1,3,19,0.8938906752411576
10614,True,8,1,5,34,0.7145038167938931
8278,True,15,1,11,51,0.8938906752411576
10417,True,20,1,6,32,0.7145038167938931
9411,True,26,1,1,8,0.7351524879614768
8799,True,20,1,4,18,0.7456310679611651
9078,False,23,1,4,29,0.8181818181818182
8714,True,56,1,3,22,0.7827956989247311
9851,True,16,1,3,15,0.7827956989247311
9056,False,24,1,11,60,0.7418655097613883
8750,False,12,1,3,13,0.8938906752411576
9363,False,25,1,7,35,0.6890595009596929
10142,False,28,1,3,17,0.7418655097613883
10288,True,34,1,5,33,0.7351524879614768
9539,True,18,1,4,26,0.8181818181818182
8990,True,9,1,3,19,0.8181818181818182
9353,False,23,1,12,69,0.8938906752411576
9354,True,13,1,3,17,0.7827956989247311
10357,True,15,1,4,17,0.7456310679611651
9436,True,32,1,4,15,0.618798955613577
9716,True,23,1,10,49,0.7418655097613883
9132,False,14,1,3,19,0.8938906752411576
8127,False,19,1,4,36,0.7456310679611651
8934,True,21,1,2,10,0.7827956989247311
10193,True,18,1,3,14,0.7351524879614768
10269,False,24,1,5,27,0.6890595009596929
8295,False,34,1,3,17,0.7456310679611651
9529,False,12,1,5,21,0.7456310679611651
9956,False,18,1,1,11,0.7145038167938931
9690,True,12,1,4,29,0.7145038167938931
10526,True,27,1,3,11,0.7351524879614768
9089,False,19,1,10,67,0.7418655097613883
9971,True,18,1,1,6,0.7351524879614768
8946,False,11,1,3,18,0.8181818181818182
9907,True,29,1,4,25,0.7418655097613883
9173,False,16,1,3,17,0.7456310679611651
8997,True,20,1,3,15,0.8938906752411576
8470,False,28,1,3,11,0.7351524879614768
10298,False,13,1,5,24,0.7456310679611651
10175,False,11,1,7,35,0.8181818181818182
8930,False,23,1,8,43,0.8181818181818182
8679,True,32,1,6,30,0.7351524879614768
9891,False,23,1,4,16,0.7827956989247311
10389,True,11,1,3,11,0.7351524879614768
9707,True,19,1,2,11,0.7351524879614768
10108,True,13,1,3,27,0.6890595009596929
9259,True,12,1,5,28,0.7145038167938931
9308,False,24,1,4,24,0.8938906752411576
8908,False,23,1,10,68,0.6890595009596929
10519,True,12,1,3,10,0.8181818181818182
9186,True,14,1,3,23,0.6890595009596929
9373,True,14,1,3,17,0.7145038167938931
8851,False,30,1,7,39,0.7145038167938931
9176,True,13,1,3,21,0.7456310679611651
9013,True,14,1,3,15,0.7351524879614768
9250,False,17,1,1,5,0.7351524879614768
8557,False,11,1,4,23,0.7456310679611651
8871,True,22,1,3,24,0.7827956989247311
8488,True,15,1,4,23,0.7418655097613883
8675,True,62,1,3,12,0.7351524879614768
9482,False,13,1,3,26,0.7145038167938931
8352,True,22,1,3,16,0.7827956989247311
8022,True,19,1,4,14,0.618798955613577
10560,True,13,1,2,8,0.7827956989247311
8941,False,18,1,1,10,0.7351524879614768
10686,True,12,1,9,52,0.7351524879614768
9563,False,11,1,4,22,0.8181818181818182
9014,False,31,1,9,45,0.7145038167938931
10503,False,18,1,4,22,0.7351524879614768
8107,False,12,1,4,23,0.7145038167938931
8670,True,12,1,7,37,0.8181818181818182
8486,True,33,1,5,28,0.7145038167938931
8797,True,21,1,14,97,0.7418655097613883
8021,True,16,1,3,19,0.6890595009596929
10053,True,30,1,3,10,0.618798955613577
9783,True,21,1,5,36,0.7456310679611651
8674,False,19,1,7,34,0.6890595009596929
8747,True,19,1,5,28,0.7456310679611651
8912,False,17,1,8,47,0.6890595009596929
8957,True,29,1,3,16,0.7827956989247311
9912,False,10,1,2,14,0.8938906752411576
9419,False,16,1,3,13,0.7351524879614768
8644,True,23,1,5,37,0.7418655097613883
10608,True,21,1,3,17,0.7456310679611651
10120,False,24,1,3,21,0.7351524879614768
8636,True,24,1,3,17,0.618798955613577
9826,True,34,1,3,17,0.7827956989247311
8162,False,13,1,10,52,0.7456310679611651
9124,False,11,1,6,24,0.8938906752411576
10665,False,23,1,7,35,0.7351524879614768
9946,True,10,1,3,18,0.6890595009596929
9781,True,10,1,7,54,0.8181818181818182
10154,False,22,1,2,10,0.7827956989247311
9255,True,20,1,4,14,0.618798955613577
10201,False,16,1,12,63,0.8938906752411576
9860,False,28,1,3,14,0.7456310679611651
9988,True,15,1,8,42,0.618798955613577
10057,True,12,1,3,18,0.8938906752411576
9909,True,13,1,7,40,0.7418655097613883
10122,True,9,1,5,26,0.7456310679611651
10089,True,29,1,3,15,0.7418655097613883
10415,True,8,1,5,26,0.8181818181818182
8099,False,24,1,6,35,0.8181818181818182
9196,False,19,1,3,12,0.618798955613577
8635,False,29,1,2,12,0.7456310679611651
10632,False,7,1,5,26,0.8181818181818182
9345,True,17,1,3,17,0.618798955613577
10016,True,22,1,6,31,0.618798955613577
8142,False,21,1,3,15,0.7456310679611651
9215,False,15,1,3,22,0.8938906752411576
9898,False,15,1,6,34,0.8181818181818182
9724,True,14,1,6,32,0.7456310679611651
9890,True,34,1,3,21,0.7827956989247311
8060,True,23,1,1,5,0.7351524879614768
10375,True,26,1,2,11,0.7827956989247311
8544,True,12,1,3,17,0.6890595009596929
8452,True,35,1,5,38,0.7827956989247311
8382,True,20,1,4,21,0.7145038167938931
10210,False,23,1,2,10,0.7351524879614768
9210,True,25,1,3,17,0.7351524879614768
9324,False,12,1,3,12,0.618798955613577
8307,True,28,1,6,30,0.7418655097613883
10191,True,13,1,5,30,0.8181818181818182
10115,True,20,1,5,41,0.6890595009596929
10216,True,15,1,9,49,0.6890595009596929
10504,True,53,1,6,34,0.7145038167938931
9162,True,9,1,3,20,0.8181818181818182
10713,True,22,1,7,38,0.8938906752411576
9484,True,17,1,3,14,0.7351524879614768
10692,True,20,1,5,31,0.7145038167938931
8865,True,16,1,3,15,0.7351524879614768
10641,True,17,1,6,27,0.7145038167938931
9366,True,20,1,12,68,0.7145038167938931
9711,True,19,1,5,28,0.7456310679611651
10279,False,47,1,7,43,0.7145038167938931
10462,True,14,1,5,21,0.618798955613577
8041,False,26,1,10,39,0.7145038167938931
8267,True,13,1,4,30,0.6890595009596929
9375,True,10,1,7,40,0.8181818181818182
9818,True,30,1,3,16,0.7827956989247311
10495,True,26,1,4,20,0.618798955613577
10538,True,16,1,4,22,0.7456310679611651
10096,True,26,1,1,7,0.7351524879614768
8293,True,18,1,3,12,0.7351524879614768
9152,False,57,1,4,19,0.7351524879614768
9802,True,10,1,5,31,0.8181818181818182
9736,True,36,1,5,31,0.7351524879614768
9223,True,16,1,7,39,0.7418655097613883
9852,True,13,1,3,17,0.7456310679611651
10496,True,20,1,6,26,0.7418655097613883
8184,True,23,1,4,23,0.7418655097613883
9875,True,31,1,6,30,0.7827956989247311
8403,True,25,1,4,21,0.7145038167938931
10001,True,12,1,6,34,0.8938906752411576
9309,True,13,1,4,18,0.7145038167938931
9302,False,34,1,6,29,0.7351524879614768
8155,True,14,1,7,42,0.6890595009596929
9445,False,15,1,4,31,0.7351524879614768
8130,True,20,1,5,31,0.618798955613577
8350,False,18,1,6,25,0.7351524879614768
9993,False,22,1,10,57,0.618798955613577
8507,True,16,1,2,9,0.7827956989247311
10628,True,11,1,4,29,0.6890595009596929
8279,False,25,1,4,26,0.7418655097613883
9166,True,20,1,3,14,0.7351524879614768
8683,True,17,1,3,12,0.7827956989247311
8877,False,35,1,3,16,0.7827956989247311
9620,True,24,1,3,16,0.7827956989247311
9922,True,26,1,1,10,0.7456310679611651
8870,False,17,1,3,14,0.8181818181818182
10215,True,14,1,8,40,0.7456310679611651
9594,False,28,1,3,21,0.8938906752411576
8080,True,25,1,7,40,0.7418655097613883
10274,True,15,1,5,36,0.7351524879614768
8043,False,11,1,5,37,0.7145038167938931
9261,False,29,1,5,25,0.6890595009596929
9582,False,29,1,9,45,0.7145038167938931
9023,False,15,1,5,27,0.618798955613577
8358,True,24,1,2,17,0.8938906752411576
8405,True,16,1,3,22,0.7145038167938931
9423,False,27,1,5,24,0.7827956989247311
8290,True,20,1,4,23,0.6890595009596929
8214,True,20,1,4,26,0.8938906752411576
10366,True,32,1,2,7,0.7827956989247311
8065,True,9,1,3,15,0.8181818181818182
8319,True,8,1,5,32,0.8181818181818182
9049,True,16,1,5,36,0.7418655097613883
8420,True,7,1,3,19,0.6890595009596929
8091,True,12,1,4,28,0.7456310679611651
10511,True,39,1,4,23,0.7418655097613883
10400,False,24,1,6,29,0.7351524879614768
9494,True,8,1,5,26,0.7145038167938931
9806,True,22,1,4,16,0.618798955613577
9694,True,23,1,6,30,0.618798955613577
9103,True,20,1,8,47,0.618798955613577
9478,True,47,1,3,18,0.7827956989247311
9591,True,13,1,1,8,0.7456310679611651
9773,False,15,1,2,9,0.7351524879614768
10597,True,15,1,9,46,0.7145038167938931
9708,False,28,1,4,28,0.7145038167938931
8413,False,26,1,8,40,0.7351524879614768
9565,False,21,1,4,22,0.7351524879614768
8282,True,9,1,3,16,0.8181818181818182
9342,True,14,1,2,14,0.7145038167938931
9791,False,19,1,1,5,0.7145038167938931
8120,True,18,1,2,20,0.7351524879614768
9964,False,14,1,6,28,0.8181818181818182
9739,True,19,1,8,38,0.7145038167938931
10636,False,28,1,7,35,0.618798955613577
8117,True,31,1,7,30,0.7418655097613883
10670,True,12,1,3,10,0.618798955613577
8761,True,18,1,4,25,0.7456310679611651
8754,True,18,1,5,26,0.7145038167938931
9621,False,15,1,5,25,0.8181818181818182
8182,True,13,1,4,19,0.618798955613577
8901,True,19,1,3,23,0.6890595009596929
9626,True,24,1,2,14,0.7456310679611651
10619,True,36,1,6,32,0.7456310679611651
8480,True,24,1,5,32,0.6890595009596929
10253,True,24,1,4,23,0.6890595009596929
9689,False,40,1,4,33,0.7145038167938931
8843,True,32,1,4,15,0.618798955613577
8739,False,45,1,6,40,0.7145038167938931
8627,False,24,1,2,13,0.7827956989247311
9571,False,18,1,8,55,0.7456310679611651
8514,True,15,1,12,77,0.6890595009596929
10228,False,16,1,5,25,0.7145038167938931
8539,False,27,1,9,44,0.7827956989247311
9584,True,16,1,2,9,0.7827956989247311
10393,True,21,1,5,25,0.7456310679611651
8958,False,15,1,12,58,0.8938906752411576
9272,False,25,1,3,13,0.7351524879614768
10555,True,27,1,5,23,0.618798955613577
8505,True,20,1,4,18,0.618798955613577
10356,True,14,1,6,37,0.7456310679611651
9980,True,30,1,3,12,0.7351524879614768
8401,True,14,1,6,42,0.8181818181818182
9150,False,31,1,3,26,0.7456310679611651
10711,True,14,1,7,33,0.7456310679611651
8772,True,18,1,3,20,0.8181818181818182
9583,True,14,1,3,19,0.7351524879614768
10116,True,20,1,1,5,0.7456310679611651
8717,True,24,1,3,23,0.7418655097613883
10182,True,21,1,6,41,0.7145038167938931
8788,True,21,1,5,29,0.6890595009596929
10501,True,19,1,3,23,0.7145038167938931
9914,False,48,1,3,12,0.618798955613577
9090,True,24,1,3,14,0.7351524879614768
9695,False,9,1,1,6,0.7145038167938931
9683,True,10,1,5,31,0.8181818181818182
8252,False,11,1,5,26,0.7456310679611651
10029,True,14,1,3,15,0.7827956989247311
9938,True,9,1,2,9,0.7827956989247311
8580,True,13,1,9,54,0.6890595009596929
9670,True,17,1,7,36,0.7456310679611651
9985,True,23,1,5,29,0.7145038167938931
8816,True,35,1,4,13,0.618798955613577
8682,False,12,1,4,26,0.6890595009596929
9850,False,31,1,5,27,0.7418655097613883
8037,True,26,1,3,14,0.7827956989247311
10077,False,12,1,2,14,0.8181818181818182
9817,False,24,1,4,27,0.6890595009596929
9894,True,11,1,5,31,0.8181818181818182
8667,True,34,1,3,13,0.7351524879614768
8975,False,19,1,12,80,0.6890595009596929
8879,True,43,1,3,20,0.7145038167938931
9499,False,18,1,8,45,0.6890595009596929
10183,False,19,1,2,18,0.6890595009596929
10470,True,19,1,3,10,0.618798955613577
9754,False,15,1,7,30,0.618798955613577
8855,False,23,1,5,32,0.7145038167938931
10150,False,20,1,3,17,0.7351524879614768
8081,False,25,1,3,11,0.7351524879614768
8886,True,14,1,4,22,0.7456310679611651
8949,True,28,1,15,73,0.7145038167938931
9501,True,19,1,4,14,0.618798955613577
9068,True,26,1,6,31,0.7145038167938931
9318,True,31,1,3,15,0.8181818181818182
9493,True,12,1,1,8,0.7456310679611651
10260,True,12,1,5,25,0.7456310679611651
9696,False,25,1,7,45,0.8938906752411576
9929,True,14,1,7,43,0.618798955613577
10453,True,18,1,4,22,0.8181818181818182
9379,False,33,1,19,83,0.7145038167938931
10477,True,20,1,7,51,0.618798955613577
9687,True,31,1,8,44,0.8938906752411576
8220,False,12,1,2,13,0.6890595009596929
8713,True,21,1,2,10,0.7827956989247311
8766,False,15,1,5,22,0.7418655097613883
10448,True,16,1,4,30,0.7418655097613883
9322,True,20,1,4,18,0.7418655097613883
8743,False,19,1,3,14,0.8181818181818182
9662,True,28,1,6,31,0.618798955613577
10098,True,21,1,3,13,0.6890595009596929
10637,True,21,1,3,17,0.7145038167938931
10500,True,16,1,2,14,0.7145038167938931
9211,True,25,1,3,22,0.7827956989247311
8593,True,26,1,4,22,0.7418655097613883
8898,True,16,1,5,23,0.8181818181818182
9508,True,21,1,4,34,0.7145038167938931
10312,False,26,1,3,17,0.618798955613577
10113,True,18,1,5,23,0.7418655097613883
10344,False,15,1,4,21,0.7145038167938931
9580,False,21,1,6,39,0.7351524879614768
10184,True,7,1,4,21,0.8181818181818182
10405,True,9,1,3,16,0.8181818181818182
9659,True,26,1,4,31,0.7145038167938931
10702,False,11,1,8,48,0.8938906752411576
10585,False,15,1,3,15,0.7418655097613883
10419,False,28,1,11,57,0.7145038167938931
9768,True,13,1,10,70,0.8938906752411576
9136,True,13,1,3,15,0.7145038167938931
8040,False,13,1,8,51,0.7418655097613883
8548,False,47,1,3,20,0.7351524879614768
10372,True,21,1,2,9,0.7418655097613883
9568,False,26,1,7,35,0.8181818181818182
9961,False,21,1,13,68,0.7418655097613883
8449,True,11,1,6,40,0.7456310679611651
10082,True,25,1,3,17,0.7456310679611651
10194,True,22,1,6,32,0.7456310679611651
10007,False,23,1,4,18,0.7456310679611651
10616,True,22,1,7,27,0.6890595009596929
9660,True,18,1,2,8,0.7827956989247311
9596,True,14,1,9,53,0.6890595009596929
8210,False,31,1,2,9,0.7827956989247311
10320,True,13,1,6,32,0.8938906752411576
9279,True,30,1,5,30,0.7456310679611651
10660,False,19,1,10,54,0.6890595009596929
9625,True,26,1,2,8,0.7351524879614768
9180,True,26,1,5,30,0.7456310679611651
8374,True,23,1,5,28,0.7418655097613883
8009,False,21,1,4,27,0.7351524879614768
10131,False,20,1,4,20,0.7418655097613883
10322,True,28,1,4,26,0.7351524879614768
8827,True,21,1,5,31,0.8181818181818182
10380,True,11,1,3,14,0.7351524879614768
8281,False,24,1,3,12,0.7827956989247311
8283,False,17,1,1,5,0.7827956989247311
8179,False,16,1,10,80,0.8938906752411576
10506,False,24,1,2,13,0.8938906752411576
10345,False,20,1,12,83,0.7351524879614768
9222,True,18,1,3,25,0.8181818181818182
8367,False,11,1,7,32,0.8181818181818182
9496,False,15,1,6,34,0.618798955613577
8321,True,14,1,2,15,0.8181818181818182
10577,True,19,1,4,20,0.7145038167938931
9071,True,25,1,5,40,0.7418655097613883
9522,False,18,1,3,16,0.618798955613577
9962,True,42,1,9,66,0.7456310679611651
9682,True,8,1,3,17,0.7145038167938931
10527,False,43,1,9,50,0.7827956989247311
8189,False,16,1,5,25,0.6890595009596929
8688,True,12,1,6,28,0.7456310679611651
10684,True,8,1,6,41,0.7456310679611651
8685,False,14,1,1,5,0.618798955613577
10277,True,24,1,3,17,0.7351524879614768
9357,True,18,1,2,11,0.7145038167938931
8732,True,15,1,3,22,0.8938906752411576
8025,True,11,1,1,7,0.7456310679611651
10054,True,56,1,2,17,0.7145038167938931
8476,True,26,1,4,31,0.7145038167938931
8669,False,19,1,3,16,0.7827956989247311
10613,True,13,1,4,20,0.8181818181818182
8672,False,24,1,4,23,0.6890595009596929
8093,True,11,1,6,26,0.7351524879614768
8762,True,21,1,5,31,0.7456310679611651
10545,True,24,1,8,40,0.7145038167938931
8229,True,26,1,4,21,0.7418655097613883
8919,False,13,1,9,50,0.6890595009596929
8172,True,14,1,3,14,0.7827956989247311
9725,True,41,1,4,29,0.7145038167938931
9506,True,8,1,3,14,0.8181818181818182
8980,True,17,1,5,33,0.6890595009596929
10137,True,11,1,3,21,0.6890595009596929
9224,False,22,1,6,32,0.7145038167938931
10676,True,30,1,2,11,0.7351524879614768
8701,True,26,1,2,9,0.7827956989247311
9844,True,24,1,8,42,0.7456310679611651
9969,True,10,1,4,26,0.8181818181818182
8704,False,14,1,5,34,0.7456310679611651
9947,True,19,1,5,25,0.7418655097613883
9168,False,14,1,5,39,0.7145038167938931
9466,True,33,1,1,12,0.7418655097613883
8381,True,26,1,1,6,0.8938906752411576
10550,True,17,1,4,25,0.8938906752411576
8578,False,17,1,3,18,0.7827956989247311
9457,False,11,1,4,19,0.8938906752411576
10592,True,27,1,5,36,0.7351524879614768
8783,False,19,1,3,18,0.7418655097613883
8499,True,27,1,3,22,0.7351524879614768
10382,False,11,1,4,28,0.7145038167938931
10310,True,20,1,3,12,0.6890595009596929
8017,True,8,1,4,23,0.8181818181818182
10552,False,8,1,4,31,0.7145038167938931
8144,True,14,1,6,34,0.7456310679611651
9965,False,28,1,10,51,0.7145038167938931
9151,True,24,1,4,22,0.7418655097613883
10541,True,12,1,7,39,0.7456310679611651
10580,True,16,1,4,22,0.7827956989247311
8002,True,6,1,3,27,0.7418655097613883
8938,True,18,1,5,28,0.618798955613577
8062,True,20,1,4,29,0.7418655097613883
10476,True,16,1,7,38,0.618798955613577
8684,False,28,1,2,6,0.7351524879614768
8330,True,32,1,4,18,0.7418655097613883
9241,False,38,1,6,29,0.7351524879614768
8530,True,28,1,4,30,0.7418655097613883
9502,False,13,1,4,21,0.7456310679611651
10673,True,16,1,5,32,0.7418655097613883
9290,True,23,1,4,31,0.6890595009596929
8823,False,28,1,5,30,0.8938906752411576
8497,False,10,1,3,14,0.7456310679611651
10631,False,21,1,4,17,0.618798955613577
8808,True,21,1,4,19,0.7351524879614768
8224,True,12,1,10,62,0.6890595009596929
10336,True,16,1,6,29,0.7456310679611651
10224,True,14,1,3,13,0.7418655097613883
10377,False,19,1,5,31,0.6890595009596929
9407,True,15,1,1,4,0.618798955613577
10474,False,14,1,4,30,0.7456310679611651
10434,False,22,1,4,26,0.7145038167938931
8597,False,21,1,3,16,0.6890595009596929
8700,False,24,1,3,16,0.7418655097613883
8659,True,24,1,2,15,0.7145038167938931
8538,True,27,1,2,9,0.7827956989247311
8502,True,17,1,4,13,0.618798955613577
10014,True,11,1,4,27,0.8181818181818182
8406,True,13,1,3,16,0.7351524879614768
8329,False,35,1,8,41,0.6890595009596929
9371,True,18,1,4,23,0.6890595009596929
10225,True,25,1,4,24,0.7827956989247311
8686,False,19,1,2,11,0.7827956989247311
9403,False,21,1,10,52,0.7145038167938931
8112,True,14,1,6,24,0.618798955613577
9888,True,17,1,3,15,0.7827956989247311
8609,False,26,1,3,12,0.7351524879614768
10078,True,9,1,6,31,0.8181818181818182
9720,True,13,1,4,31,0.7145038167938931
10565,False,16,1,3,22,0.7418655097613883
9504,False,12,1,4,31,0.6890595009596929
8600,True,23,1,3,15,0.7827956989247311
10575,True,14,1,5,21,0.618798955613577
8027,False,18,1,5,35,0.7145038167938931
9179,False,13,1,9,49,0.7145038167938931
9613,True,12,1,7,29,0.7351524879614768
10148,False,18,1,13,61,0.7418655097613883
9346,True,27,1,3,18,0.7351524879614768
9874,True,7,1,4,19,0.8181818181818182
10009,False,11,1,5,37,0.7145038167938931
8412,True,20,1,2,12,0.618798955613577
10395,False,17,1,3,20,0.6890595009596929
8519,True,28,1,3,19,0.7418655097613883
9735,False,18,1,5,25,0.6890595009596929
9263,True,47,1,2,8,0.7827956989247311
8444,False,23,1,8,35,0.7351524879614768
9394,False,22,1,8,44,0.7145038167938931
8121,False,12,1,3,14,0.8181818181818182
9807,True,13,1,3,21,0.7456310679611651
10693,True,9,1,5,25,0.618798955613577
10712,False,20,1,7,44,0.7456310679611651
9264,True,17,1,1,5,0.7351524879614768
9769,True,21,1,6,34,0.7145038167938931
10286,True,27,1,5,20,0.618798955613577
10315,True,14,1,3,12,0.7351524879614768
9593,True,11,1,3,17,0.8181818181818182
8431,True,9,1,1,5,0.7351524879614768
10407,False,18,1,4,23,0.7418655097613883
8088,False,15,1,6,39,0.7418655097613883
10287,True,21,1,5,21,0.618798955613577
9677,True,28,1,1,8,0.7418655097613883
8048,False,18,1,7,33,0.8181818181818182
9592,False,17,1,3,18,0.7827956989247311
8243,True,12,1,3,13,0.7351524879614768
8708,True,25,1,4,20,0.7145038167938931
10242,True,14,1,11,74,0.6890595009596929
9554,True,14,1,3,14,0.8181818181818182
10635,True,13,1,8,37,0.618798955613577
9257,False,17,1,3,22,0.7351524879614768
8299,False,11,1,4,26,0.8181818181818182
10289,True,18,1,4,25,0.7827956989247311
10535,True,22,1,4,28,0.6890595009596929
10348,True,15,1,4,22,0.8181818181818182
10070,True,13,1,3,13,0.7351524879614768
9691,True,9,1,5,35,0.6890595009596929
9636,True,34,1,3,13,0.7351524879614768
9900,False,11,1,5,24,0.8181818181818182
10649,True,15,1,8,62,0.7456310679611651
8640,True,31,1,6,29,0.7456310679611651
10004,True,9,1,3,14,0.8181818181818182
10140,False,15,1,4,38,0.7418655097613883
8323,True,15,1,6,27,0.7827956989247311
9305,False,13,1,5,27,0.7456310679611651
8812,True,16,1,9,51,0.7145038167938931
10297,True,18,1,5,37,0.7456310679611651
10433,False,17,1,11,49,0.7351524879614768
9435,False,18,1,5,39,0.8938906752411576
8981,True,14,1,12,61,0.8938906752411576
8621,True,8,1,5,28,0.7145038167938931
9567,True,14,1,11,84,0.6890595009596929
10611,True,9,1,3,17,0.8181818181818182
8656,True,16,1,3,22,0.7827956989247311
10435,True,16,1,4,22,0.7351524879614768
9668,False,21,1,3,14,0.7351524879614768
10178,True,15,1,5,29,0.8181818181818182
10457,True,15,1,4,27,0.6890595009596929
8858,True,12,1,7,40,0.7145038167938931
9831,False,26,1,6,38,0.7145038167938931
10094,True,30,1,4,14,0.618798955613577
10139,True,21,1,7,44,0.7456310679611651
10668,False,12,1,2,10,0.7827956989247311
8078,True,26,1,6,31,0.8938906752411576
10250,False,21,1,8,52,0.7418655097613883
10642,False,25,1,13,74,0.7145038167938931
8478,True,30,1,9,49,0.7456310679611651
9944,False,25,1,5,21,0.6890595009596929
9742,False,20,1,1,9,0.6890595009596929
9314,True,22,1,3,12,0.618798955613577
8970,False,16,1,6,24,0.8938906752411576
10430,True,19,1,3,16,0.7827956989247311
9551,True,21,1,10,53,0.8938906752411576
10371,True,25,1,3,10,0.7418655097613883
9495,True,18,1,13,78,0.6890595009596929
10301,True,29,1,3,14,0.7827956989247311
8564,True,13,1,2,21,0.6890595009596929
9486,False,22,1,15,84,0.8938906752411576
9617,True,11,1,4,20,0.7351524879614768
8343,True,17,1,3,16,0.8938906752411576
10271,True,25,1,4,24,0.7456310679611651
9181,False,13,1,10,75,0.7145038167938931
8929,True,27,1,3,17,0.7351524879614768
10639,True,36,1,4,20,0.7145038167938931
8368,True,9,1,5,25,0.8181818181818182
9709,True,10,1,3,15,0.7827956989247311
9177,False,11,1,4,29,0.7418655097613883
10688,True,11,1,7,42,0.8181818181818182
8711,False,23,1,3,14,0.6890595009596929
9676,False,9,1,5,28,0.8181818181818182
10431,False,8,1,5,27,0.618798955613577
9719,False,17,1,10,54,0.7145038167938931
10245,False,9,1,4,24,0.8181818181818182
9836,False,16,1,13,77,0.7418655097613883
10012,False,32,1,10,48,0.7145038167938931
8038,False,14,1,8,41,0.618798955613577
9278,False,15,1,4,25,0.7456310679611651
9813,False,13,1,4,36,0.8938906752411576
10360,True,25,1,3,22,0.6890595009596929
10368,True,11,1,4,23,0.8938906752411576
10110,False,10,1,6,36,0.6890595009596929
9209,True,21,1,5,36,0.7456310679611651
9597,False,20,1,2,14,0.7145038167938931
8889,False,26,1,3,13,0.7145038167938931
9757,True,13,1,3,14,0.6890595009596929
8026,False,11,1,1,8,0.7418655097613883
10422,True,12,1,5,30,0.6890595009596929
9438,False,9,1,4,24,0.7145038167938931
8768,False,24,1,17,91,0.7418655097613883
10284,True,12,1,6,34,0.8181818181818182
10516,True,22,1,4,22,0.7418655097613883
9999,False,11,1,4,17,0.8181818181818182
8473,True,12,1,5,24,0.7145038167938931
10219,True,10,1,5,25,0.618798955613577
8996,True,32,1,2,12,0.618798955613577
10466,True,13,1,6,34,0.7145038167938931
10149,True,21,1,18,109,0.8938906752411576
10192,False,23,1,3,12,0.7418655097613883
9048,False,12,1,7,34,0.8181818181818182
8617,True,25,1,3,16,0.7456310679611651
9453,True,38,1,3,26,0.7456310679611651
9042,False,34,1,10,42,0.8938906752411576
8016,True,16,1,5,24,0.7456310679611651
9587,True,28,1,4,17,0.7418655097613883
9483,False,30,1,4,21,0.618798955613577
10429,False,29,1,5,28,0.6890595009596929
8943,False,29,1,6,32,0.7418655097613883
9198,True,15,1,2,12,0.7827956989247311
10551,True,31,1,4,28,0.7145038167938931
8974,False,15,1,13,82,0.7145038167938931
10432,False,27,1,6,35,0.618798955613577
9972,True,10,1,3,12,0.7351524879614768
9544,True,9,1,4,21,0.8181818181818182
10044,True,17,1,5,38,0.7351524879614768
10042,True,11,1,8,46,0.6890595009596929
8789,True,15,1,3,17,0.6890595009596929
8984,False,25,1,3,12,0.7351524879614768
10162,True,25,1,7,38,0.7456310679611651
10017,True,10,1,3,20,0.8181818181818182
9767,True,24,1,6,27,0.7456310679611651
9234,False,16,1,4,25,0.7145038167938931
8756,False,23,1,4,17,0.7418655097613883
9050,True,8,1,5,35,0.6890595009596929
10480,False,22,1,3,18,0.7456310679611651
8720,True,16,1,5,28,0.7145038167938931
9333,False,16,1,2,7,0.7351524879614768
10381,False,32,1,4,24,0.6890595009596929
10387,False,21,1,9,38,0.7351524879614768
9300,True,14,1,6,52,0.8181818181818182
8724,False,28,1,7,29,0.7351524879614768
9447,False,19,1,5,23,0.618798955613577
9525,False,17,1,5,39,0.6890595009596929
9608,True,49,1,3,17,0.7827956989247311
8800,True,9,1,3,13,0.8181818181818182
8276,True,14,1,4,18,0.8181818181818182
10117,True,23,1,8,54,0.7418655097613883
8332,False,14,1,6,47,0.6890595009596929
8914,False,16,1,1,7,0.7145038167938931
10708,True,10,1,7,42,0.8181818181818182
8296,True,26,1,4,21,0.7456310679611651
8782,False,21,1,3,24,0.8938906752411576
8650,False,20,1,5,31,0.6890595009596929
10680,False,27,1,7,39,0.8938906752411576
9120,False,39,1,1,9,0.7418655097613883
10454,True,16,1,3,28,0.6890595009596929
9491,False,18,1,15,97,0.8938906752411576
8259,True,15,1,11,71,0.7351524879614768
9294,True,14,1,2,11,0.7827956989247311
9476,True,10,1,6,42,0.6890595009596929
9336,False,35,1,6,37,0.7827956989247311
8039,True,34,1,3,13,0.7827956989247311
8837,True,12,1,2,8,0.7351524879614768
9155,False,34,1,4,22,0.7456310679611651
10510,True,26,1,3,13,0.7351524879614768
8324,True,9,1,4,24,0.8181818181818182
8891,True,20,1,4,14,0.618798955613577
9515,True,39,1,4,24,0.7145038167938931
9343,False,23,1,5,44,0.7456310679611651
8152,True,23,1,4,20,0.7827956989247311
8841,True,23,1,4,24,0.7145038167938931
9356,True,16,1,9,46,0.8938906752411576
9307,True,33,1,5,32,0.7418655097613883
9880,False,24,1,5,22,0.618798955613577
9598,True,19,1,6,24,0.8181818181818182
10043,False,10,1,7,55,0.8181818181818182
9125,True,14,1,4,21,0.7456310679611651
9868,True,18,1,3,15,0.7145038167938931
8030,True,15,1,3,22,0.7456310679611651
9856,True,14,1,3,11,0.618798955613577
9699,True,9,1,6,27,0.7145038167938931
8852,True,50,1,3,12,0.618798955613577
10136,True,10,1,7,51,0.7456310679611651
10488,False,29,1,5,21,0.8181818181818182
8835,True,6,1,3,26,0.8938906752411576
8197,True,16,1,1,7,0.7456310679611651
9955,True,12,1,3,21,0.618798955613577
10156,True,8,1,2,20,0.7145038167938931
8156,False,26,1,3,21,0.7418655097613883
10063,True,11,1,7,34,0.7351524879614768
10351,True,11,1,2,12,0.8181818181818182
10276,True,11,1,4,21,0.8181818181818182
10456,False,26,1,5,28,0.8181818181818182
10542,False,26,1,1,5,0.7351524879614768
10656,False,21,1,5,25,0.7456310679611651
8178,False,17,1,4,20,0.7456310679611651
10579,False,22,1,4,17,0.618798955613577
8286,True,25,1,4,15,0.618798955613577
8503,False,27,1,2,10,0.7145038167938931
9737,False,38,1,8,40,0.7351524879614768
9618,True,23,1,9,48,0.7145038167938931
9216,True,17,1,3,20,0.7827956989247311
9939,False,21,1,7,36,0.8181818181818182
9015,True,20,1,3,18,0.7145038167938931
8525,False,43,1,4,26,0.7456310679611651
8045,False,12,1,6,35,0.7456310679611651
9536,True,10,1,4,21,0.6890595009596929
9679,True,28,1,3,13,0.7351524879614768
9473,False,23,1,5,28,0.7456310679611651
8986,True,18,1,4,28,0.7827956989247311
10331,True,15,1,12,69,0.8938906752411576
9367,True,17,1,7,31,0.7418655097613883
8341,True,26,1,4,22,0.6890595009596929
9622,False,22,1,9,58,0.6890595009596929
10145,True,15,1,3,21,0.8938906752411576
10079,False,13,1,5,31,0.7418655097613883
10473,False,23,1,4,23,0.7418655097613883
10396,False,25,1,5,27,0.7145038167938931
8338,False,12,1,4,25,0.6890595009596929
8924,True,20,1,8,35,0.7418655097613883
10460,True,9,1,6,28,0.7351524879614768
9870,False,44,1,9,52,0.7418655097613883
9117,True,17,1,3,14,0.8181818181818182
10367,True,22,1,6,40,0.7418655097613883
10229,False,8,1,2,12,0.7827956989247311
8228,False,27,1,3,16,0.7827956989247311
8764,True,19,1,3,24,0.7145038167938931
9134,True,22,1,3,13,0.7351524879614768
8345,False,23,1,6,29,0.618798955613577
9376,True,10,1,3,14,0.7351524879614768
8629,True,24,1,3,25,0.6890595009596929
9269,True,14,1,8,52,0.6890595009596929
8839,True,27,1,3,14,0.7827956989247311
9226,False,33,1,9,46,0.7145038167938931
9236,True,16,1,1,5,0.7456310679611651
9175,True,26,1,5,29,0.7456310679611651
9982,False,18,1,6,30,0.8181818181818182
8962,True,26,1,3,12,0.7351524879614768
9983,False,20,1,5,27,0.618798955613577
9098,True,29,1,8,38,0.7418655097613883
10275,False,27,1,3,15,0.7145038167938931
10123,False,15,1,4,30,0.6890595009596929
9253,True,25,1,3,17,0.7418655097613883
9838,True,21,1,2,10,0.7827956989247311
10208,True,17,1,3,12,0.7351524879614768
8056,True,19,1,5,28,0.7456310679611651
9401,False,21,1,8,48,0.6890595009596929
9446,True,24,1,5,25,0.7827956989247311
9628,False,10,1,4,25,0.8938906752411576
10223,True,62,1,2,12,0.7827956989247311
8268,True,24,1,2,8,0.7351524879614768
9575,False,14,1,3,11,0.8938906752411576
10633,True,13,1,2,11,0.8181818181818182
9653,True,15,1,5,32,0.6890595009596929
10428,True,19,1,4,25,0.7351524879614768
8076,True,25,1,4,25,0.7418655097613883
9998,False,15,1,4,30,0.7456310679611651
10690,True,24,1,4,21,0.7456310679611651
9655,True,11,1,5,33,0.8181818181818182
10444,True,15,1,4,30,0.8938906752411576
10627,True,11,1,8,46,0.7145038167938931
9775,False,25,1,4,20,0.8181818181818182
9651,True,35,1,3,12,0.7827956989247311
8757,True,18,1,5,26,0.8181818181818182
8248,True,21,1,3,15,0.7351524879614768
9602,False,18,1,3,19,0.7827956989247311
8774,False,24,1,10,56,0.7145038167938931
9533,True,13,1,6,30,0.8181818181818182
10205,False,19,1,6,36,0.7418655097613883
9000,False,22,1,6,29,0.618798955613577
9678,True,33,1,3,16,0.7827956989247311
9673,True,13,1,4,18,0.7145038167938931
9415,True,20,1,5,30,0.7145038167938931
9936,True,30,1,3,13,0.8181818181818182
10553,False,12,1,9,56,0.7418655097613883
9172,True,21,1,8,66,0.7145038167938931
9275,True,7,1,4,30,0.8181818181818182
9764,True,15,1,5,29,0.6890595009596929
10376,False,10,1,5,30,0.8181818181818182
8089,True,32,1,1,7,0.7456310679611651
8769,True,26,1,3,31,0.7418655097613883
9213,True,12,1,5,30,0.7145038167938931
9637,True,18,1,7,41,0.8181818181818182
10218,False,34,1,1,7,0.7456310679611651
10092,True,11,1,4,19,0.7456310679611651
10293,False,10,1,4,22,0.8181818181818182
10313,True,19,1,3,16,0.7418655097613883
9765,True,20,1,3,17,0.7827956989247311
9434,False,23,1,4,18,0.7145038167938931
10443,True,25,1,4,15,0.618798955613577
8302,False,24,1,3,18,0.8938906752411576
8899,True,15,1,1,11,0.7456310679611651
8807,True,20,1,3,13,0.7351524879614768
9183,False,30,1,1,4,0.7351524879614768
9454,False,10,1,7,42,0.7456310679611651
8190,False,22,1,13,82,0.8938906752411576
9693,True,11,1,1,6,0.7456310679611651
10264,True,19,1,1,4,0.7351524879614768
9973,True,21,1,2,8,0.6890595009596929
10163,False,26,1,8,41,0.7456310679611651
9084,True,34,1,3,18,0.7827956989247311
8023,True,16,1,1,9,0.7418655097613883
8317,True,32,1,1,6,0.618798955613577
10705,True,13,1,3,15,0.8181818181818182
8951,False,17,1,7,42,0.7351524879614768
8784,True,9,1,4,19,0.7456310679611651
9612,False,18,1,2,13,0.7351524879614768
8193,True,21,1,3,29,0.6890595009596929
10037,False,14,1,4,21,0.8181818181818182
10232,True,10,1,4,16,0.618798955613577
9561,False,17,1,3,17,0.7351524879614768
9911,False,35,1,7,46,0.6890595009596929
8923,True,25,1,3,13,0.7351524879614768
8612,True,9,1,3,20,0.7456310679611651
8920,True,14,1,1,9,0.7418655097613883
9158,True,15,1,5,26,0.618798955613577
10103,False,16,1,4,30,0.6890595009596929
9753,True,34,1,3,18,0.7827956989247311
9579,True,11,1,5,27,0.7351524879614768
9045,True,11,1,2,14,0.618798955613577
9756,False,30,1,2,12,0.6890595009596929
9086,True,23,1,1,4,0.7351524879614768
10200,False,24,1,3,18,0.7456310679611651
10067,True,9,1,5,26,0.7456310679611651
9291,True,9,1,6,35,0.8938906752411576
9823,True,27,1,1,13,0.7456310679611651
9025,True,20,1,11,73,0.7145038167938931
10543,True,16,1,4,23,0.7456310679611651
10257,True,13,1,3,19,0.7145038167938931
9557,True,10,1,4,26,0.7351524879614768
10416,False,24,1,2,11,0.7827956989247311
8744,True,28,1,5,32,0.7418655097613883
10445,False,29,1,4,24,0.618798955613577
9469,True,34,1,4,19,0.7145038167938931
10681,True,8,1,3,23,0.8181818181818182
8613,True,24,1,3,15,0.618798955613577
8728,True,17,1,3,10,0.618798955613577
9146,True,19,1,8,46,0.7145038167938931
9027,True,21,1,4,23,0.7456310679611651
10114,True,12,1,5,26,0.6890595009596929
10647,True,20,1,11,61,0.6890595009596929
9559,True,28,1,6,36,0.7145038167938931
8079,True,13,1,4,21,0.8181818181818182
10409,True,25,1,4,24,0.7418655097613883
10126,False,28,1,2,7,0.7827956989247311
9774,False,9,1,5,22,0.8181818181818182
10659,True,12,1,3,15,0.7827956989247311
8736,False,10,1,7,52,0.7145038167938931
9313,True,17,1,1,6,0.7351524879614768
9460,True,17,1,4,26,0.7456310679611651
8775,False,19,1,4,28,0.7145038167938931
10465,False,12,1,4,25,0.6890595009596929
8681,True,16,1,2,10,0.7145038167938931
9862,False,16,1,12,64,0.7456310679611651
8616,False,29,1,3,15,0.7351524879614768
8760,True,14,1,4,23,0.8181818181818182
8410,True,10,1,4,26,0.8181818181818182
8563,True,15,1,5,27,0.6890595009596929
9717,True,10,1,2,12,0.7827956989247311
8662,False,30,1,5,29,0.6890595009596929
9531,True,10,1,6,30,0.8181818181818182
9282,False,60,1,3,22,0.7827956989247311
8006,True,21,1,4,19,0.7351524879614768
9163,False,16,1,4,20,0.7145038167938931
10135,True,19,1,5,29,0.7351524879614768
10038,True,12,1,2,14,0.7145038167938931
9111,True,14,1,2,11,0.7145038167938931
10469,False,13,1,1,7,0.7351524879614768
8200,True,17,1,6,45,0.7418655097613883
9421,False,11,1,8,41,0.7456310679611651
10716,True,23,1,6,32,0.7418655097613883
8020,True,10,1,7,41,0.7418655097613883
9243,False,16,1,4,19,0.618798955613577
8705,False,36,1,4,28,0.7145038167938931
8603,True,7,1,2,9,0.7145038167938931
8445,False,13,1,5,23,0.618798955613577
8064,True,10,1,7,37,0.7351524879614768
9147,False,12,1,10,61,0.7145038167938931
10172,True,19,1,12,68,0.6890595009596929
9323,True,11,1,4,19,0.7145038167938931
8167,True,17,1,3,17,0.7827956989247311
8137,False,19,1,4,24,0.7351524879614768
8585,True,11,1,8,48,0.6890595009596929
9859,False,21,1,7,36,0.618798955613577
8395,True,18,1,3,15,0.7351524879614768
9604,True,26,1,3,17,0.618798955613577
9704,False,23,1,8,50,0.8938906752411576
8004,True,11,1,4,18,0.8181818181818182
9477,False,26,1,13,80,0.8938906752411576
9527,False,37,1,3,17,0.7351524879614768
8274,True,17,1,3,16,0.7827956989247311
8953,False,23,1,8,44,0.7145038167938931
10305,True,19,1,3,12,0.7351524879614768
8415,True,13,1,2,16,0.7827956989247311
10570,True,13,1,3,24,0.6890595009596929
9359,True,12,1,4,22,0.7456310679611651
9535,False,11,1,4,35,0.7351524879614768
8087,True,16,1,3,21,0.6890595009596929
9949,True,18,1,5,25,0.7456310679611651
10408,True,29,1,4,23,0.7827956989247311
9046,True,13,1,7,45,0.7418655097613883
10166,True,21,1,7,37,0.7351524879614768
8414,True,13,1,3,23,0.8181818181818182
10062,False,13,1,4,18,0.618798955613577
8596,False,14,1,9,51,0.7145038167938931
8298,False,13,1,6,28,0.8181818181818182
8335,True,26,1,2,10,0.7827956989247311
9011,True,27,1,4,20,0.7418655097613883
8572,True,17,1,2,10,0.7827956989247311
10384,True,13,1,7,58,0.7456310679611651
10399,False,12,1,7,39,0.8181818181818182
8869,True,21,1,5,29,0.7418655097613883
8206,False,24,1,3,12,0.7351524879614768
10099,False,8,1,5,39,0.8181818181818182
8643,True,7,1,5,38,0.8181818181818182
9954,False,9,1,5,25,0.7456310679611651
10023,False,19,1,3,23,0.6890595009596929
10582,True,22,1,3,13,0.7827956989247311
9763,False,17,1,6,33,0.7351524879614768
9128,False,9,1,6,39,0.7145038167938931
10412,True,17,1,4,25,0.7418655097613883
9590,True,38,1,3,15,0.8938906752411576
8364,True,23,1,7,44,0.8938906752411576
10594,True,20,1,7,50,0.7456310679611651
9338,False,14,1,11,53,0.8181818181818182
8567,True,21,1,6,29,0.8938906752411576
8777,True,17,1,6,24,0.618798955613577
9472,True,12,1,6,34,0.8181818181818182
8105,True,23,1,4,21,0.7145038167938931
9734,False,14,1,5,33,0.6890595009596929
8133,True,49,1,2,13,0.7351524879614768
10169,True,24,1,3,20,0.7827956989247311
9337,False,12,1,8,53,0.7351524879614768
8872,False,11,1,3,26,0.8938906752411576
9233,True,40,1,3,18,0.7827956989247311
10715,False,22,1,1,9,0.7351524879614768
9671,False,11,1,7,46,0.7351524879614768
8464,False,15,1,6,31,0.8181818181818182
8437,True,12,1,9,49,0.6890595009596929
9159,True,15,1,5,26,0.618798955613577
8638,True,29,1,2,7,0.7827956989247311
9798,True,8,1,5,21,0.8181818181818182
8959,True,26,1,3,11,0.7351524879614768
9433,False,33,1,4,20,0.7827956989247311
10088,True,10,1,7,61,0.8938906752411576
8902,True,24,1,4,26,0.7827956989247311
8937,True,24,1,5,27,0.7145038167938931
9923,True,24,1,2,9,0.7827956989247311
9777,True,14,1,3,19,0.6890595009596929
8176,False,14,1,4,21,0.7418655097613883
10121,True,7,1,4,17,0.8181818181818182
8755,True,8,1,5,34,0.8181818181818182
8873,True,19,1,6,27,0.7351524879614768
8116,True,32,1,2,9,0.7145038167938931
8365,False,21,1,7,49,0.7418655097613883
10599,True,24,1,3,21,0.7145038167938931
9629,True,20,1,2,9,0.6890595009596929
9006,True,12,1,4,27,0.7351524879614768
8469,True,17,1,5,25,0.7456310679611651
9058,True,20,1,5,35,0.7418655097613883
10558,True,12,1,4,19,0.6890595009596929
9240,True,9,1,5,28,0.7456310679611651
8467,True,13,1,9,49,0.8181818181818182
9534,True,21,1,4,14,0.618798955613577
8360,True,21,1,4,23,0.7351524879614768
9287,True,22,1,1,10,0.7456310679611651
8462,False,19,1,7,45,0.7418655097613883
9572,True,19,1,9,44,0.8938906752411576
10441,False,57,1,3,12,0.7827956989247311
9395,True,17,1,1,5,0.7456310679611651
8611,True,12,1,4,28,0.6890595009596929
10133,False,12,1,9,61,0.8938906752411576
9509,True,16,1,2,9,0.7827956989247311
8895,True,23,1,4,18,0.7418655097613883
8253,True,25,1,6,45,0.7145038167938931
8216,True,9,1,3,15,0.618798955613577
10703,True,22,1,3,17,0.7145038167938931
10524,True,31,1,4,27,0.7145038167938931
8463,True,9,1,6,33,0.8181818181818182
8738,True,12,1,5,24,0.618798955613577
8493,False,20,1,5,24,0.7145038167938931
9500,False,21,1,5,31,0.618798955613577
10071,False,20,1,5,28,0.7456310679611651
9797,True,38,1,6,36,0.7145038167938931
9021,False,23,1,5,32,0.7827956989247311
9347,False,19,1,6,49,0.7456310679611651
8856,False,21,1,5,29,0.618798955613577
9100,True,11,1,7,36,0.7351524879614768
9841,False,30,1,3,24,0.7827956989247311
8393,True,20,1,3,21,0.7456310679611651
8825,True,15,1,5,26,0.8181818181818182
8118,True,11,1,5,33,0.7145038167938931
9031,True,25,1,7,57,0.7418655097613883
9566,False,25,1,4,16,0.6890595009596929
10214,True,17,1,3,12,0.7351524879614768
10413,True,7,1,3,13,0.8181818181818182
9585,True,12,1,7,34,0.8181818181818182
8474,True,12,1,4,17,0.618798955613577
9426,True,25,1,7,48,0.8181818181818182
10588,False,29,1,3,17,0.7827956989247311
9547,False,13,1,6,50,0.7351524879614768
10584,False,18,1,6,33,0.7145038167938931
9889,False,5,1,2,17,0.8938906752411576
10340,True,24,1,4,20,0.7456310679611651
8587,True,17,1,3,14,0.7456310679611651
9374,True,16,1,6,32,0.8181818181818182
9692,False,31,1,6,31,0.7418655097613883
8504,True,25,1,5,23,0.7456310679611651
8512,True,23,1,8,39,0.7145038167938931
8665,True,15,1,3,17,0.7351524879614768
8377,False,14,1,12,61,0.7145038167938931
9485,False,31,1,9,47,0.7351524879614768
10083,True,33,1,3,14,0.7351524879614768
9191,True,20,1,8,44,0.6890595009596929
9498,True,15,1,5,26,0.6890595009596929
9087,True,12,1,2,11,0.7145038167938931
10392,False,15,1,3,17,0.6890595009596929
9865,True,11,1,5,30,0.8181818181818182
8796,False,25,1,3,15,0.7827956989247311
10578,True,24,1,3,19,0.7145038167938931
8554,True,16,1,6,24,0.618798955613577
10316,False,26,1,5,35,0.618798955613577
8247,False,18,1,10,50,0.618798955613577
10034,True,8,1,4,15,0.618798955613577
8765,False,14,1,5,19,0.7418655097613883
9190,False,16,1,5,36,0.7145038167938931
9199,True,28,1,3,20,0.6890595009596929
8011,False,9,1,4,31,0.8181818181818182
8811,False,20,1,4,21,0.8938906752411576
9420,False,26,1,2,8,0.7351524879614768
9119,True,27,1,8,41,0.7145038167938931
8483,False,16,1,9,52,0.7418655097613883
10363,False,9,1,6,27,0.8181818181818182
8008,True,26,1,4,28,0.7827956989247311
8968,False,11,1,3,14,0.8181818181818182
10032,False,24,1,3,17,0.7827956989247311
10309,False,12,1,4,22,0.6890595009596929
8138,True,27,1,3,19,0.7827956989247311
8399,False,13,1,4,28,0.8938906752411576
10689,False,18,1,6,36,0.7351524879614768
9378,False,16,1,10,49,0.7145038167938931
10314,False,8,1,3,16,0.618798955613577
8661,True,27,1,5,29,0.7418655097613883
8221,True,17,1,3,10,0.618798955613577
10714,True,18,1,4,23,0.7418655097613883
8831,False,23,1,6,25,0.7351524879614768
8553,True,10,1,5,29,0.6890595009596929
8353,True,18,1,8,44,0.6890595009596929
8034,False,25,1,10,52,0.7418655097613883
9530,True,41,1,2,10,0.7827956989247311
9142,True,8,1,3,14,0.8181818181818182
10354,True,8,1,5,29,0.8181818181818182
10604,False,15,1,11,70,0.7351524879614768
10039,True,8,1,3,18,0.8181818181818182
10581,False,13,1,4,22,0.7351524879614768
8103,True,24,1,8,54,0.7456310679611651
8082,True,39,1,3,12,0.7351524879614768
9122,False,16,1,3,12,0.8181818181818182
9230,False,32,1,6,41,0.7351524879614768
9619,True,26,1,3,14,0.8938906752411576
9082,True,30,1,6,29,0.618798955613577
10455,False,26,1,11,61,0.7418655097613883
9556,False,25,1,4,31,0.7145038167938931
8791,True,11,1,6,36,0.8181818181818182
8752,False,28,1,4,24,0.7145038167938931
9866,True,18,1,3,18,0.7827956989247311
9409,False,12,1,2,17,0.8938906752411576
8257,True,21,1,8,48,0.7145038167938931
9040,False,21,1,2,12,0.7351524879614768
9306,True,9,1,4,22,0.8181818181818182
8867,True,8,1,5,30,0.8181818181818182
8458,True,17,1,7,38,0.7418655097613883
8147,True,22,1,4,16,0.618798955613577
10231,True,16,1,13,88,0.8181818181818182
10306,True,15,1,7,39,0.7351524879614768
9987,False,13,1,4,24,0.7418655097613883
8404,False,25,1,9,52,0.7145038167938931
9123,True,25,1,7,27,0.7456310679611651
9390,True,16,1,9,52,0.7456310679611651
9165,True,14,1,9,73,0.6890595009596929
10241,True,21,1,9,53,0.8938906752411576
9816,True,16,1,7,30,0.8938906752411576
10249,True,26,1,3,16,0.8938906752411576
8776,False,13,1,6,36,0.7351524879614768
10168,True,24,1,7,35,0.618798955613577
8096,True,13,1,7,38,0.8181818181818182
8655,True,15,1,4,21,0.7145038167938931
10171,False,41,1,5,32,0.618798955613577
9968,True,13,1,10,61,0.6890595009596929
9362,True,23,1,2,8,0.7827956989247311
9001,True,31,1,5,20,0.618798955613577
8495,True,11,1,9,58,0.6890595009596929
10187,True,11,1,7,37,0.8181818181818182
10290,True,24,1,4,17,0.618798955613577
9335,True,9,1,4,25,0.8181818181818182
10084,True,20,1,5,32,0.7456310679611651
10362,True,8,1,3,21,0.8181818181818182
9441,True,29,1,3,12,0.7351524879614768
8363,True,23,1,5,26,0.7456310679611651
8994,False,13,1,9,47,0.6890595009596929
10248,False,18,1,4,16,0.618798955613577
8177,True,19,1,7,39,0.8181818181818182
8498,False,10,1,7,40,0.7145038167938931
8978,False,17,1,4,19,0.8181818181818182
10327,False,18,1,5,27,0.618798955613577
9206,True,15,1,1,6,0.7456310679611651
9315,True,17,1,6,28,0.6890595009596929
8928,True,18,1,1,5,0.7351524879614768
8575,True,12,1,4,29,0.8181818181818182
10332,True,36,1,5,20,0.618798955613577
9876,False,30,1,13,76,0.7145038167938931
8952,True,29,1,3,18,0.7827956989247311
9344,True,26,1,5,32,0.7827956989247311
10272,False,25,1,1,6,0.7351524879614768
10211,True,14,1,3,21,0.6890595009596929
8737,False,15,1,6,50,0.8938906752411576
